ISO3166-1-Alpha-3,ISO3166-1-Alpha-2,Country Code,Wikidata,DBpedia,UNTERM English Formal,official_name_en,Geoname ID,FIFA,Dial,MARC,is_independent,ISO3166-1-numeric,GAUL,FIPS,WMO,ITU,IOC,DS,Global Code,Intermediate Region Code,ISO4217-currency_name,Developed / Developing Countries,UNTERM English Short,ISO4217-currency_alphabetic_code,Small Island Developing States (SIDS),ISO4217-currency_numeric_code,M49,Sub-region Code,Region Code,ISO4217-currency_minor_unit,Land Locked Developing Countries (LLDC),Intermediate Region Name,ISO4217-currency_country_name,Least Developed Countries (LDC),Region Name,Sub-region Name,Global Name,Capital,Continent,TLD,Languages,CLDR display name,EDGAR
ABW,AW,ABW,http://www.wikidata.org/entity/Q336341,http://dbpedia.org/resource/ABW,,Aruba,3577279,ARU,297,aw,Part of NL,533,14,AA,NU,ABW,ARU,AW,True,29,Aruban Florin,Developing,,AWG,x,533,533,419,19,2,,Caribbean,ARUBA,,Americas,Latin America and the Caribbean,World,Oranjestad,,.aw,"nl-AW,pap,es,en",Aruba,1C
AFG,AF,AFG,http://www.wikidata.org/entity/Q889,http://dbpedia.org/resource/AFG,the Islamic Republic of Afghanistan,Afghanistan,1149361,AFG,93,af,Yes,4,1,AF,AF,AFG,AFG,AFG,True,,Afghani,Developing,Afghanistan,AFN,,971,4,34,142,2,x,,AFGHANISTAN,x,Asia,Southern Asia,World,Kabul,AS,.af,"fa-AF,ps,uz-AF,tk",Afghanistan,B2
AGO,AO,AGO,http://www.wikidata.org/entity/Q957907,http://dbpedia.org/resource/Ago,the Republic of Angola,Angola,3351879,ANG,244,ao,Yes,24,8,AO,AN,AGL,ANG,AO,True,17,Kwanza,Developing,Angola,AOA,,973,24,202,2,2,,Middle Africa,ANGOLA,x,Africa,Sub-Saharan Africa,World,Luanda,AF,.ao,pt-AO,Angola,B7
AIA,AI,,,,,Anguilla,3573511,AIA,1-264,am,Territory of GB,660,9,AV,,AIA,AIA,,True,29,East Caribbean Dollar,Developing,,XCD,x,951,660,419,19,2,,Caribbean,ANGUILLA,,Americas,Latin America and the Caribbean,World,The Valley,,.ai,en-AI,Anguilla,1A
ALA,AX,,,,,Åland Islands,661882,ALD,358,,Part of FI,248,1242,,,,,FIN,True,,Euro,Developed,,EUR,,978,248,154,150,2,,,ÅLAND ISLANDS,,Europe,Northern Europe,World,Mariehamn,EU,.ax,sv-AX,Åland Islands,
ALB,AL,ALB,http://www.wikidata.org/entity/Q222,http://dbpedia.org/resource/ALB,the Republic of Albania,Albania,783754,ALB,355,aa,Yes,8,3,AL,AB,ALB,ALB,AL,True,,Lek,Developed,Albania,ALL,,008,8,39,150,2,,,ALBANIA,,Europe,Southern Europe,World,Tirana,EU,.al,"sq,el",Albania,B3
AND,AD,AND,http://www.wikidata.org/entity/Q228,http://dbpedia.org/resource/And,the Principality of Andorra,Andorra,3041565,AND,376,an,Yes,20,7,AN,,AND,AND,AND,True,,Euro,Developed,Andorra,EUR,,978,20,39,150,2,,,ANDORRA,,Europe,Southern Europe,World,Andorra la Vella,EU,.ad,ca,Andorra,B6
ARE,AE,ARE,http://www.wikidata.org/entity/Q29277,http://dbpedia.org/resource/ARE,the United Arab Emirates,United Arab Emirates,290557,UAE,971,ts,Yes,784,255,AE,ER,UAE,UAE,,True,,UAE Dirham,Developing,United Arab Emirates (the),AED,,784,784,145,142,2,,,UNITED ARAB EMIRATES,,Asia,Western Asia,World,Abu Dhabi,AS,.ae,"ar-AE,fa,en,hi,ur",United Arab Emirates,C0
ARG,AR,ARG,http://www.wikidata.org/entity/Q414,http://dbpedia.org/resource/ARG,the Argentine Republic,Argentina,3865483,ARG,54,ag,Yes,32,12,AR,AG,ARG,ARG,RA,True,5,Argentine Peso,Developing,Argentina,ARS,,032,32,419,19,2,,South America,ARGENTINA,,Americas,Latin America and the Caribbean,World,Buenos Aires,SA,.ar,"es-AR,en,it,de,fr,gn",Argentina,C1
ARM,AM,ARM,http://www.wikidata.org/entity/Q399,http://dbpedia.org/resource/Arm,the Republic of Armenia,Armenia,174982,ARM,374,ai,Yes,51,13,AM,AY,ARM,ARM,AM,True,,Armenian Dram,Developing,Armenia,AMD,,051,51,145,142,2,x,,ARMENIA,,Asia,Western Asia,World,Yerevan,AS,.am,hy,Armenia,1B
ASM,AS,ASM,http://www.wikidata.org/entity/Q522898,http://dbpedia.org/resource/ASM,,American Samoa,5880801,ASA,1-684,as,Territory of US,16,5,AQ,,SMA,ASA,USA,True,,US Dollar,Developing,,USD,x,840,16,61,9,2,,,AMERICAN SAMOA,,Oceania,Polynesia,World,Pago Pago,OC,.as,"en-AS,sm,to",American Samoa,B5
ATA,AQ,,,,,Antarctica,6697173,ROS,672,ay,International,10,10,AY,AA,,,,True,,No universal currency,,,,,,10,,,,,,ANTARCTICA,,,,World,,AN,.aq,,Antarctica,B8
ATF,TF,,,,,French Southern Territories,1546748,,262,fs,Territory of FR,260,88,FS,,,,F,True,14,Euro,Developing,,EUR,,978,260,202,2,2,,Eastern Africa,FRENCH SOUTHERN TERRITORIES,,Africa,Sub-Saharan Africa,World,Port-aux-Francais,AN,.tf,fr,French Southern Territories,2C
ATG,AG,ATG,http://www.wikidata.org/entity/Q298869,http://dbpedia.org/resource/ATG,Antigua and Barbuda,Antigua and Barbuda,3576396,ATG,1-268,aq,Yes,28,11,AC,AT,ATG,ANT,,True,29,East Caribbean Dollar,Developing,Antigua and Barbuda,XCD,x,951,28,419,19,2,,Caribbean,ANTIGUA AND BARBUDA,,Americas,Latin America and the Caribbean,World,St. John's,,.ag,en-AG,Antigua & Barbuda,B9
AUS,AU,AUS,http://www.wikidata.org/entity/Q408,http://dbpedia.org/resource/AUS,Australia,Australia,2077456,AUS,61,at,Yes,36,17,AS,AU,AUS,AUS,AUS,True,,Australian Dollar,Developed,Australia,AUD,,036,36,53,9,2,,,AUSTRALIA,,Oceania,Australia and New Zealand,World,Canberra,OC,.au,en-AU,Australia,C3
AUT,AT,AUT,http://www.wikidata.org/entity/Q40,http://dbpedia.org/resource/AUT,the Republic of Austria,Austria,2782113,AUT,43,au,Yes,40,18,AU,OS,AUT,AUT,A,True,,Euro,Developed,Austria,EUR,,978,40,155,150,2,,,AUSTRIA,,Europe,Western Europe,World,Vienna,EU,.at,"de-AT,hr,hu,sl",Austria,C4
AZE,AZ,AZE,http://www.wikidata.org/entity/Q227,http://dbpedia.org/resource/AZE,the Republic of Azerbaijan,Azerbaijan,587116,AZE,994,aj,Yes,31,19,AJ,AJ,AZE,AZE,AZ,True,,Azerbaijan Manat,Developing,Azerbaijan,AZN,,944,31,145,142,2,x,,AZERBAIJAN,,Asia,Western Asia,World,Baku,AS,.az,"az,ru,hy",Azerbaijan,1D
BDI,BI,BDI,http://www.wikidata.org/entity/Q967,http://dbpedia.org/resource/BDI,the Republic of Burundi,Burundi,433561,BDI,257,bd,Yes,108,43,BY,BI,BDI,BDI,RU,True,14,Burundi Franc,Developing,Burundi,BIF,,108,108,202,2,0,x,Eastern Africa,BURUNDI,x,Africa,Sub-Saharan Africa,World,Bujumbura,AF,.bi,"fr-BI,rn",Burundi,E2
BEL,BE,BEL,http://www.wikidata.org/entity/Q31,http://dbpedia.org/resource/Bel,the Kingdom of Belgium,Belgium,2802361,BEL,32,be,Yes,56,27,BE,BX,BEL,BEL,B,True,,Euro,Developed,Belgium,EUR,,978,56,155,150,2,,,BELGIUM,,Europe,Western Europe,World,Brussels,EU,.be,"nl-BE,fr-BE,de-BE",Belgium,C9
BEN,BJ,BEN,http://www.wikidata.org/entity/Q44185,http://dbpedia.org/resource/Ben,the Republic of Benin,Benin,2395170,BEN,229,dm,Yes,204,29,BN,BJ,BEN,BEN,DY,True,11,CFA Franc BCEAO,Developing,Benin,XOF,,952,204,202,2,0,,Western Africa,BENIN,x,Africa,Sub-Saharan Africa,World,Porto-Novo,AF,.bj,fr-BJ,Benin,G6
BES,BQ,,,,,"Bonaire, Sint Eustatius and Saba",7626844,ANT,599,ca,Part of NL,535,176,NL,NU,ATN,AHO,,True,29,US Dollar,Developing,,USD,x,840,535,419,19,2,,Caribbean,"BONAIRE, SINT EUSTATIUS AND SABA",,Americas,Latin America and the Caribbean,World,,,.bq,"nl,pap,en",Caribbean Netherlands,
BFA,BF,BFA,http://www.wikidata.org/entity/Q138182,http://dbpedia.org/resource/BFA,Burkina Faso,Burkina Faso,2361809,BFA,226,uv,Yes,854,42,UV,HV,BFA,BUR,BF,True,11,CFA Franc BCEAO,Developing,Burkina Faso,XOF,,952,854,202,2,0,x,Western Africa,BURKINA FASO,x,Africa,Sub-Saharan Africa,World,Ouagadougou,AF,.bf,"fr-BF,mos",Burkina Faso,X2
BGD,BD,BGD,http://www.wikidata.org/entity/Q3084717,http://dbpedia.org/resource/BGD,the People's Republic of Bangladesh,Bangladesh,1210997,BAN,880,bg,Yes,50,23,BG,BW,BGD,BAN,BD,True,,Taka,Developing,Bangladesh,BDT,,050,50,34,142,2,,,BANGLADESH,x,Asia,Southern Asia,World,Dhaka,AS,.bd,"bn-BD,en",Bangladesh,C7
BGR,BG,BGR,http://www.wikidata.org/entity/Q219,http://dbpedia.org/resource/BGR,the Republic of Bulgaria,Bulgaria,732800,BUL,359,bu,Yes,100,41,BU,BU,BUL,BUL,BG,True,,Bulgarian Lev,Developed,Bulgaria,BGN,,975,100,151,150,2,,,BULGARIA,,Europe,Eastern Europe,World,Sofia,EU,.bg,"bg,tr-BG,rom",Bulgaria,E0
BHR,BH,BHR,http://www.wikidata.org/entity/Q620005,http://dbpedia.org/resource/BHR,the Kingdom of Bahrain,Bahrain,290291,BHR,973,ba,Yes,48,21,BA,BN,BHR,BRN,BRN,True,,Bahraini Dinar,Developing,Bahrain,BHD,,048,48,145,142,3,,,BAHRAIN,,Asia,Western Asia,World,Manama,AS,.bh,"ar-BH,en,fa,ur",Bahrain,C6
BHS,BS,BHS,http://www.wikidata.org/entity/Q9301,http://dbpedia.org/resource/BHS,the Commonwealth of the Bahamas,Bahamas,3572887,BAH,1-242,bf,Yes,44,20,BF,BA,BAH,BAH,BS,True,29,Bahamian Dollar,Developing,Bahamas (the),BSD,x,044,44,419,19,2,,Caribbean,BAHAMAS,,Americas,Latin America and the Caribbean,World,Nassau,,.bs,en-BS,Bahamas,C5
BIH,BA,BIH,http://www.wikidata.org/entity/Q225,http://dbpedia.org/resource/BIH,Bosnia and Herzegovina,Bosnia and Herzegovina,3277605,BIH,387,bn,Yes,70,34,BK,BG,BIH,BIH,BIH,True,,Convertible Mark,Developed,Bosnia and Herzegovina,BAM,,977,70,39,150,2,,,BOSNIA AND HERZEGOVINA,,Europe,Southern Europe,World,Sarajevo,EU,.ba,"bs,hr-BA,sr-BA",Bosnia,1E
BLM,BL,,,,,Saint Barthélemy,3578476,,590,sc,Part of FR,652,,TB,,,,,True,29,Euro,Developing,,EUR,,978,652,419,19,2,,Caribbean,SAINT BARTHÉLEMY,,Americas,Latin America and the Caribbean,World,Gustavia,,.gp,fr,St. Barthélemy,
BLR,BY,BLR,http://www.wikidata.org/entity/Q184,http://dbpedia.org/resource/BLR,the Republic of Belarus,Belarus,630336,BLR,375,bw,Yes,112,26,BO,BY,BLR,BLR,BY,True,,Belarusian Ruble,Developed,Belarus,BYN,,933,112,151,150,2,,,BELARUS,,Europe,Eastern Europe,World,Minsk,EU,.by,"be,ru",Belarus,1F
BLZ,BZ,BLZ,http://www.wikidata.org/entity/Q10185,http://dbpedia.org/resource/BLZ,Belize,Belize,3582678,BLZ,501,bh,Yes,84,28,BH,BH,BLZ,BIZ,BH,True,13,Belize Dollar,Developing,Belize,BZD,x,084,84,419,19,2,,Central America,BELIZE,,Americas,Latin America and the Caribbean,World,Belmopan,,.bz,"en-BZ,es",Belize,D1
BMU,BM,BMU,http://www.wikidata.org/entity/Q598749,http://dbpedia.org/resource/BMU,,Bermuda,3573345,BER,1-441,bm,Territory of GB,60,30,BD,BE,BER,BER,BM,True,,Bermudian Dollar,Developed,,BMD,,060,60,21,19,2,,,BERMUDA,,Americas,Northern America,World,Hamilton,,.bm,"en-BM,pt",Bermuda,D0
BOL,BO,BOL,http://www.wikidata.org/entity/Q750,http://dbpedia.org/resource/Bol,the Plurinational State of Bolivia,Bolivia (Plurinational State of),3923057,BOL,591,bo,Yes,68,33,BL,BO,BOL,BOL,BOL,True,5,Boliviano,Developing,Bolivia (Plurinational State of),BOB,,068,68,419,19,2,x,South America,BOLIVIA (PLURINATIONAL STATE OF),,Americas,Latin America and the Caribbean,World,Sucre,SA,.bo,"es-BO,qu,ay",Bolivia,
BRA,BR,BRA,http://www.wikidata.org/entity/Q155,http://dbpedia.org/resource/BRA,the Federative Republic of Brazil,Brazil,3469034,BRA,55,bl,Yes,76,37,BR,BZ,B,BRA,BR,True,5,Brazilian Real,Developing,Brazil,BRL,,986,76,419,19,2,,South America,BRAZIL,,Americas,Latin America and the Caribbean,World,Brasilia,SA,.br,"pt-BR,es,en,fr",Brazil,D5
BRB,BB,BRB,http://www.wikidata.org/entity/Q796913,http://dbpedia.org/resource/BRB,Barbados,Barbados,3374084,BRB,1-246,bb,Yes,52,24,BB,BR,BRB,BAR,BDS,True,29,Barbados Dollar,Developing,Barbados,BBD,x,052,52,419,19,2,,Caribbean,BARBADOS,,Americas,Latin America and the Caribbean,World,Bridgetown,,.bb,en-BB,Barbados,C8
BRN,BN,BRN,http://www.wikidata.org/entity/Q921,http://dbpedia.org/resource/BRN,Brunei Darussalam,Brunei Darussalam,1820814,BRU,673,bx,Yes,96,40,BX,BD,BRU,BRU,BRU,True,,Brunei Dollar,Developing,Brunei Darussalam,BND,,096,96,35,142,2,,,BRUNEI DARUSSALAM,,Asia,South-eastern Asia,World,Bandar Seri Begawan,AS,.bn,"ms-BN,en-BN",Brunei,D9
BTN,BT,BTN,http://www.wikidata.org/entity/Q201799,http://dbpedia.org/resource/BTN,the Kingdom of Bhutan,Bhutan,1252634,BHU,975,bt,Yes,64,31,BT,,BTN,BHU,BT,True,,"Indian Rupee,Ngultrum",Developing,Bhutan,"INR,BTN",,"356,064",64,34,142,"2,2",x,,BHUTAN,x,Asia,Southern Asia,World,Thimphu,AS,.bt,dz,Bhutan,D2
BVT,BV,,,,,Bouvet Island,3371123,,47,bv,Territory of NO,74,36,BV,BV,,,BV,True,5,Norwegian Krone,Developing,,NOK,,578,74,419,19,2,,South America,BOUVET ISLAND,,Americas,Latin America and the Caribbean,World,,AN,.bv,,Bouvet Island,D4
BWA,BW,BWA,http://www.wikidata.org/entity/Q832143,http://dbpedia.org/resource/BWA,the Republic of Botswana,Botswana,933860,BOT,267,bs,Yes,72,35,BC,BC,BOT,BOT,BW,True,18,Pula,Developing,Botswana,BWP,,072,72,202,2,2,x,Southern Africa,BOTSWANA,,Africa,Sub-Saharan Africa,World,Gaborone,AF,.bw,"en-BW,tn-BW",Botswana,B1
CAF,CF,CAF,http://www.wikidata.org/entity/Q929,http://dbpedia.org/resource/CAF,the Central African Republic,Central African Republic,239880,CTA,236,cx,Yes,140,49,CT,CE,CAF,CAF,RCA,True,17,CFA Franc BEAC,Developing,Central African Republic (the),XAF,,950,140,202,2,0,x,Middle Africa,CENTRAL AFRICAN REPUBLIC,x,Africa,Sub-Saharan Africa,World,Bangui,AF,.cf,"fr-CF,sg,ln,kg",Central African Republic,F0
CAN,CA,CAN,http://www.wikidata.org/entity/Q44868,http://dbpedia.org/resource/Can,Canada,Canada,6251999,CAN,1,xxc,Yes,124,46,CA,CN,CAN,CAN,CDN,True,,Canadian Dollar,Developed,Canada,CAD,,124,124,21,19,2,,,CANADA,,Americas,Northern America,World,Ottawa,,.ca,"en-CA,fr-CA,iu",Canada,
CCK,CC,,,,,Cocos (Keeling) Islands,1547376,CCK,61,xb,Territory of AU,166,56,CK,KK,ICO,,AUS,True,,Australian Dollar,Developed,,AUD,,036,166,53,9,2,,,COCOS (KEELING) ISLANDS,,Oceania,Australia and New Zealand,World,West Island,AS,.cc,"ms-CC,en",Cocos (Keeling) Islands,F7
CHE,CH,CHE,http://www.wikidata.org/entity/Q39,http://dbpedia.org/resource/Che,the Swiss Confederation,Switzerland,2658434,SUI,41,sz,Yes,756,237,SZ,SW,SUI,SUI,CH,True,,Swiss Franc,Developed,Switzerland,CHF,,756,756,155,150,2,,,SWITZERLAND,,Europe,Western Europe,World,Bern,EU,.ch,"de-CH,fr-CH,it-CH,rm",Switzerland,V8
CHL,CL,CHL,http://www.wikidata.org/entity/Q209249,http://dbpedia.org/resource/CHL,the Republic of Chile,Chile,3895114,CHI,56,cl,Yes,152,51,CI,CH,CHL,CHI,RCH,True,5,Chilean Peso,Developing,Chile,CLP,,152,152,419,19,0,,South America,CHILE,,Americas,Latin America and the Caribbean,World,Santiago,SA,.cl,es-CL,Chile,F3
CHN,CN,CHN,http://www.wikidata.org/entity/Q148,http://dbpedia.org/resource/CHN,the People's Republic of China,China,1814991,CHN,86,cc,Yes,156,53,CH,CI,CHN,CHN,CN,True,,Yuan Renminbi,Developing,China,CNY,,156,156,30,142,2,,,CHINA,,Asia,Eastern Asia,World,Beijing,AS,.cn,"zh-CN,yue,wuu,dta,ug,za",China,F4
CIV,CI,CIV,http://www.wikidata.org/entity/Q1008,http://dbpedia.org/resource/CIV,the Republic of Côte d'Ivoire,Côte d'Ivoire,2287781,CIV,225,iv,Yes,384,66,IV,IV,CTI,CIV,CI,True,11,CFA Franc BCEAO,Developing,Côte d'Ivoire,XOF,,952,384,202,2,0,,Western Africa,CÔTE D'IVOIRE,,Africa,Sub-Saharan Africa,World,Yamoussoukro,AF,.ci,fr-CI,Côte d’Ivoire,
CMR,CM,CMR,http://www.wikidata.org/entity/Q1667500,http://dbpedia.org/resource/CMR,the Republic of Cameroon,Cameroon,2233387,CMR,237,cm,Yes,120,45,CM,CM,CME,CMR,CAM,True,17,CFA Franc BEAC,Developing,Cameroon,XAF,,950,120,202,2,0,,Middle Africa,CAMEROON,,Africa,Sub-Saharan Africa,World,Yaounde,AF,.cm,"en-CM,fr-CM",Cameroon,E4
COD,CD,COD,http://www.wikidata.org/entity/Q974,http://dbpedia.org/resource/Cod,the Democratic Republic of the Congo,Democratic Republic of the Congo,203312,COD,243,cg,Yes,180,68,CG,ZR,COD,COD,ZRE,True,17,Congolese Franc,Developing,Democratic Republic of the Congo (the),CDF,,976,180,202,2,2,,Middle Africa,CONGO (THE DEMOCRATIC REPUBLIC OF THE),x,Africa,Sub-Saharan Africa,World,Kinshasa,AF,.cd,"fr-CD,ln,ktu,kg,sw,lua",Congo - Kinshasa,
COG,CG,COG,http://www.wikidata.org/entity/Q143872,http://dbpedia.org/resource/CoG,the Republic of the Congo,Congo,2260494,CGO,242,cf,Yes,178,59,CF,CG,COG,CGO,RCB,True,17,CFA Franc BEAC,Developing,Congo (the),XAF,,950,178,202,2,0,,Middle Africa,CONGO,,Africa,Sub-Saharan Africa,World,Brazzaville,AF,.cg,"fr-CG,kg,ln-CG",Congo - Brazzaville,G0
COK,CK,,,,the Cook Islands,Cook Islands,1899402,COK,682,cw,Associated with NZ,184,60,CW,KU,CKH,COK,NZ,True,,New Zealand Dollar,Developing,Cook Islands (the)    **,NZD,x,554,184,61,9,2,,,COOK ISLANDS,,Oceania,Polynesia,World,Avarua,OC,.ck,"en-CK,mi",Cook Islands,G1
COL,CO,COL,http://www.wikidata.org/entity/Q739,http://dbpedia.org/resource/Col,the Republic of Colombia,Colombia,3686110,COL,57,ck,Yes,170,57,CO,CO,CLM,COL,CO,True,5,Colombian Peso,Developing,Colombia,COP,,170,170,419,19,2,,South America,COLOMBIA,,Americas,Latin America and the Caribbean,World,Bogota,SA,.co,es-CO,Colombia,F8
COM,KM,COM,http://www.wikidata.org/entity/Q970,http://dbpedia.org/resource/Com,the Union of the Comoros,Comoros,921929,COM,269,cq,Yes,174,58,CN,IC,COM,COM,KM,True,14,Comorian Franc,Developing,Comoros (the),KMF,x,174,174,202,2,0,,Eastern Africa,COMOROS,x,Africa,Sub-Saharan Africa,World,Moroni,AF,.km,"ar,fr-KM",Comoros,F9
CPV,CV,CPV,http://www.wikidata.org/entity/Q1011,http://dbpedia.org/resource/CPV,the Republic of Cabo Verde,Cabo Verde,3374766,CPV,238,cv,Yes,132,47,CV,CV,CPV,CPV,CV,True,11,Cabo Verde Escudo,Developing,Cabo Verde,CVE,x,132,132,202,2,2,,Western Africa,CABO VERDE,,Africa,Sub-Saharan Africa,World,Praia,AF,.cv,pt-CV,Cape Verde,
CRI,CR,CRI,http://www.wikidata.org/entity/Q375117,http://dbpedia.org/resource/CRI,the Republic of Costa Rica,Costa Rica,3624060,CRC,506,cr,Yes,188,61,CS,CS,CTR,CRC,CR,True,13,Costa Rican Colon,Developing,Costa Rica,CRC,,188,188,419,19,2,,Central America,COSTA RICA,,Americas,Latin America and the Caribbean,World,San Jose,,.cr,"es-CR,en",Costa Rica,G2
CUB,CU,CUB,http://www.wikidata.org/entity/Q241,http://dbpedia.org/resource/Cub,the Republic of Cuba,Cuba,3562981,CUB,53,cu,Yes,192,63,CU,CU,CUB,CUB,C,True,29,"Cuban Peso,Peso Convertible",Developing,Cuba,"CUP,CUC",x,"192,931",192,419,19,"2,2",,Caribbean,CUBA,,Americas,Latin America and the Caribbean,World,Havana,,.cu,"es-CU,pap",Cuba,G3
CUW,CW,CUW,http://www.wikidata.org/entity/Q25279,http://dbpedia.org/resource/CUW,,Curaçao,7626836,,599,co,Part of NL,531,,UC,,,,,True,29,Netherlands Antillean Guilder,Developing,,ANG,x,532,531,419,19,2,,Caribbean,CURAÇAO,,Americas,Latin America and the Caribbean,World,Willemstad,,.cw,"nl,pap",Curaçao,
CXR,CX,,,,,Christmas Island,2078138,CXR,61,xa,Territory of AU,162,54,KT,KI,CHR,,AUS,True,,Australian Dollar,Developed,,AUD,,036,162,53,9,2,,,CHRISTMAS ISLAND,,Oceania,Australia and New Zealand,World,Flying Fish Cove,OC,.cx,"en,zh,ms-CC",Christmas Island,F6
CYM,KY,CYM,http://www.wikidata.org/entity/Q25,http://dbpedia.org/resource/CYM,,Cayman Islands,3580718,CAY,1-345,cj,Territory of GB,136,48,CJ,GC,CYM,CAY,KY,True,29,Cayman Islands Dollar,Developing,,KYD,,136,136,419,19,2,,Caribbean,CAYMAN ISLANDS,,Americas,Latin America and the Caribbean,World,George Town,,.ky,en-KY,Cayman Islands,E9
CYP,CY,CYP,http://www.wikidata.org/entity/Q313194,http://dbpedia.org/resource/CYP,the Republic of Cyprus,Cyprus,146669,CYP,357,cy,Yes,196,64,CY,CY,CYP,CYP,CY,True,,Euro,Developed,Cyprus,EUR,,978,196,145,142,2,,,CYPRUS,,Asia,Western Asia,World,Nicosia,EU,.cy,"el-CY,tr-CY,en",Cyprus,G4
CZE,CZ,CZE,http://www.wikidata.org/entity/Q213,http://dbpedia.org/resource/CZE,the Czech Republic,Czechia,3077311,CZE,420,xr,Yes,203,65,EZ,CZ,CZE,CZE,CZ,True,,Czech Koruna,Developed,Czech Republic (the),CZK,,203,203,151,150,2,,,CZECHIA,,Europe,Eastern Europe,World,Prague,EU,.cz,"cs,sk",Czechia,
DEU,DE,DEU,http://www.wikidata.org/entity/Q871160,http://dbpedia.org/resource/DEU,the Federal Republic of Germany,Germany,2921044,GER,49,gw,Yes,276,93,GM,DL,D,GER,D,True,,Euro,Developed,Germany,EUR,,978,276,155,150,2,,,GERMANY,,Europe,Western Europe,World,Berlin,EU,.de,de,Germany,2M
DJI,DJ,DJI,http://www.wikidata.org/entity/Q977,http://dbpedia.org/resource/DJI,the Republic of Djibouti,Djibouti,223816,DJI,253,ft,Yes,262,70,DJ,DJ,DJI,DJI,F,True,14,Djibouti Franc,Developing,Djibouti,DJF,,262,262,202,2,0,,Eastern Africa,DJIBOUTI,x,Africa,Sub-Saharan Africa,World,Djibouti,AF,.dj,"fr-DJ,ar,so-DJ,aa",Djibouti,1G
DMA,DM,DMA,http://www.wikidata.org/entity/Q784,http://dbpedia.org/resource/DMA,the Commonwealth of Dominica,Dominica,3575830,DMA,1-767,dq,Yes,212,71,DO,DO,DMA,DMA,WD,True,29,East Caribbean Dollar,Developing,Dominica,XCD,x,951,212,419,19,2,,Caribbean,DOMINICA,,Americas,Latin America and the Caribbean,World,Roseau,,.dm,en-DM,Dominica,G9
DNK,DK,DNK,http://www.wikidata.org/entity/Q35,http://dbpedia.org/resource/DNK,the Kingdom of Denmark,Denmark,2623032,DEN,45,dk,Yes,208,69,DA,DN,DNK,DEN,DK,True,,Danish Krone,Developed,Denmark,DKK,,208,208,154,150,2,,,DENMARK,,Europe,Northern Europe,World,Copenhagen,EU,.dk,"da-DK,en,fo,de-DK",Denmark,G7
DOM,DO,DOM,http://www.wikidata.org/entity/Q784,http://dbpedia.org/resource/Dom,the Dominican Republic,Dominican Republic,3508796,DOM,"1-809,1-829,1-849",dr,Yes,214,72,DR,DR,DOM,DOM,DOM,True,29,Dominican Peso,Developing,Dominican Republic (the),DOP,x,214,214,419,19,2,,Caribbean,DOMINICAN REPUBLIC,,Americas,Latin America and the Caribbean,World,Santo Domingo,,.do,es-DO,Dominican Republic,G8
DZA,DZ,DZA,http://www.wikidata.org/entity/Q35558,http://dbpedia.org/resource/DZA,the People's Democratic Republic of Algeria,Algeria,2589581,ALG,213,ae,Yes,12,4,AG,AL,ALG,ALG,DZ,True,,Algerian Dinar,Developing,Algeria,DZD,,012,12,15,2,2,,,ALGERIA,,Africa,Northern Africa,World,Algiers,AF,.dz,ar-DZ,Algeria,B4
ECU,EC,ECU,http://www.wikidata.org/entity/Q736,http://dbpedia.org/resource/ECU,the Republic of Ecuador,Ecuador,3658394,ECU,593,ec,Yes,218,73,EC,EQ,EQA,ECU,EC,True,5,US Dollar,Developing,Ecuador,USD,,840,218,419,19,2,,South America,ECUADOR,,Americas,Latin America and the Caribbean,World,Quito,SA,.ec,es-EC,Ecuador,H1
EGY,EG,EGY,http://www.wikidata.org/entity/Q79,http://dbpedia.org/resource/Egypt,the Arab Republic of Egypt,Egypt,357994,EGY,20,ua,Yes,818,40765,EG,EG,EGY,EGY,ET,True,,Egyptian Pound,Developing,Egypt,EGP,,818,818,15,2,2,,,EGYPT,,Africa,Northern Africa,World,Cairo,AF,.eg,"ar-EG,en,fr",Egypt,H2
ERI,ER,ERI,http://www.wikidata.org/entity/Q986,http://dbpedia.org/resource/ERI,the State of Eritrea,Eritrea,338010,ERI,291,ea,Yes,232,77,ER,,ERI,ERI,ER,True,14,Nakfa,Developing,Eritrea,ERN,,232,232,202,2,2,,Eastern Africa,ERITREA,x,Africa,Sub-Saharan Africa,World,Asmara,AF,.er,"aa-ER,ar,tig,kun,ti-ER",Eritrea,1J
ESH,EH,,,,,Western Sahara,2461445,SAH,212,ss,In contention,732,268,WI,,AOE,,,True,,Moroccan Dirham,Developing,,MAD,,504,732,15,2,2,,,WESTERN SAHARA,,Africa,Northern Africa,World,El-Aaiun,AF,.eh,"ar,mey",Western Sahara,U5
ESP,ES,ESP,http://www.wikidata.org/entity/Q29,http://dbpedia.org/resource/ESP,the Kingdom of Spain,Spain,2510769,ESP,34,sp,Yes,724,229,SP,SP,E,ESP,E,True,,Euro,Developed,Spain,EUR,,978,724,39,150,2,,,SPAIN,,Europe,Southern Europe,World,Madrid,EU,.es,"es-ES,ca,gl,eu,oc",Spain,U3
EST,EE,EST,http://www.wikidata.org/entity/Q44897,http://dbpedia.org/resource/EST,the Republic of Estonia,Estonia,453733,EST,372,er,Yes,233,78,EN,EO,EST,EST,EST,True,,Euro,Developed,Estonia,EUR,,978,233,154,150,2,,,ESTONIA,,Europe,Northern Europe,World,Tallinn,EU,.ee,"et,ru",Estonia,1H
ETH,ET,ETH,http://www.wikidata.org/entity/Q115,http://dbpedia.org/resource/Ethionamide,the Federal Democratic Republic of Ethiopia,Ethiopia,337996,ETH,251,et,Yes,231,79,ET,ET,ETH,ETH,ETH,True,14,Ethiopian Birr,Developing,Ethiopia,ETB,,230,231,202,2,2,x,Eastern Africa,ETHIOPIA,x,Africa,Sub-Saharan Africa,World,Addis Ababa,AF,.et,"am,en-ET,om-ET,ti-ET,so-ET,sid",Ethiopia,H5
FIN,FI,FIN,http://www.wikidata.org/entity/Q33,http://dbpedia.org/resource/FIN,the Republic of Finland,Finland,660013,FIN,358,fi,Yes,246,84,FI,FI,FIN,FIN,FIN,True,,Euro,Developed,Finland,EUR,,978,246,154,150,2,,,FINLAND,,Europe,Northern Europe,World,Helsinki,EU,.fi,"fi-FI,sv-FI,smn",Finland,H9
FJI,FJ,FJI,http://www.wikidata.org/entity/Q12630862,http://dbpedia.org/resource/FJI,the Republic of Fiji,Fiji,2205218,FIJ,679,fj,Yes,242,83,FJ,FJ,FJI,FIJ,FJI,True,,Fiji Dollar,Developing,Fiji,FJD,x,242,242,54,9,2,,,FIJI,,Oceania,Melanesia,World,Suva,OC,.fj,"en-FJ,fj",Fiji,H8
FLK,FK,,,,,Falkland Islands (Malvinas),3474414,FLK,500,fk,Territory of GB,238,81,FK,FK,FLK,FLK,,True,5,,Developing,,,,,238,419,19,,,South America,,,Americas,Latin America and the Caribbean,World,Stanley,SA,.fk,en-FK,Falkland Islands,
FRA,FR,FRA,http://www.wikidata.org/entity/Q142,http://dbpedia.org/resource/FRA,the French Republic,France,3017382,FRA,33,fr,Yes,250,85,FR,FR,F,FRA,F,True,,Euro,Developed,France,EUR,,978,250,155,150,2,,,FRANCE,,Europe,Western Europe,World,Paris,EU,.fr,"fr-FR,frp,br,co,ca,eu,oc",France,I0
FRO,FO,FRO,http://www.wikidata.org/entity/Q35222,http://dbpedia.org/resource/Fro,,Faroe Islands,2622320,FRO,298,fa,Part of DK,234,82,FO,FA,FRO,FAR,FO,True,,Danish Krone,Developed,,DKK,,208,234,154,150,2,,,FAROE ISLANDS,,Europe,Northern Europe,World,Torshavn,EU,.fo,"fo,da-FO",Faroe Islands,H6
FSM,FM,FSM,http://www.wikidata.org/entity/Q702,http://dbpedia.org/resource/FSM,the Federated States of Micronesia,Micronesia (Federated States of),2081918,FSM,691,fm,Yes,583,163,FM,,FSM,FSM,,True,,US Dollar,Developing,Micronesia (Federated States of),USD,x,840,583,57,9,2,,,MICRONESIA (FEDERATED STATES OF),,Oceania,Micronesia,World,Palikir,OC,.fm,"en-FM,chk,pon,yap,kos,uli,woe,nkr,kpg",Micronesia,
GAB,GA,GAB,http://www.wikidata.org/entity/Q1000,http://dbpedia.org/resource/GAB,the Gabonese Republic,Gabon,2400553,GAB,241,go,Yes,266,89,GB,GO,GAB,GAB,G,True,17,CFA Franc BEAC,Developing,Gabon,XAF,,950,266,202,2,0,,Middle Africa,GABON,,Africa,Sub-Saharan Africa,World,Libreville,AF,.ga,fr-GA,Gabon,I5
GBR,GB,GBR,http://www.wikidata.org/entity/Q145,http://dbpedia.org/resource/GBR,the United Kingdom of Great Britain and Northern Ireland,United Kingdom of Great Britain and Northern Ireland,2635167,"ENG,NIR,SCO,WAL",44,xxk,Yes,826,256,UK,UK,G,GBR,GB,True,,Pound Sterling,Developed,United Kingdom of Great Britain and Northern Ireland (the),GBP,,826,826,154,150,2,,,UNITED KINGDOM OF GREAT BRITAIN AND NORTHERN IRELAND,,Europe,Northern Europe,World,London,EU,.uk,"en-GB,cy-GB,gd",UK,
GEO,GE,GEO,http://www.wikidata.org/entity/Q230,http://dbpedia.org/resource/Geo,Georgia,Georgia,614540,GEO,995,gs,Yes,268,92,GG,GG,GEO,GEO,GE,True,,Lari,Developing,Georgia,GEL,,981,268,145,142,2,,,GEORGIA,,Asia,Western Asia,World,Tbilisi,AS,.ge,"ka,ru,hy,az",Georgia,2Q
GGY,GG,,,,,Guernsey,3042362,GBG,44,uik,Crown dependency of GB,831,104,GK,,,,GBG,True,830,Pound Sterling,Developed,,GBP,,826,831,154,150,2,,Channel Islands,GUERNSEY,,Europe,Northern Europe,World,St Peter Port,EU,.gg,"en,nrf",Guernsey,Y7
GHA,GH,GHA,http://www.wikidata.org/entity/Q117,http://dbpedia.org/resource/GHA,the Republic of Ghana,Ghana,2300660,GHA,233,gh,Yes,288,94,GH,GH,GHA,GHA,GH,True,11,Ghana Cedi,Developing,Ghana,GHS,,936,288,202,2,2,,Western Africa,GHANA,,Africa,Sub-Saharan Africa,World,Accra,AF,.gh,"en-GH,ak,ee,tw",Ghana,J0
GIB,GI,GIB,http://www.wikidata.org/entity/Q1410,http://dbpedia.org/resource/Gib,,Gibraltar,2411586,GBZ,350,gi,Territory of GB,292,95,GI,GI,GIB,GIB,GBZ,True,,Gibraltar Pound,Developed,,GIP,,292,292,39,150,2,,,GIBRALTAR,,Europe,Southern Europe,World,Gibraltar,EU,.gi,"en-GI,es,it,pt",Gibraltar,J1
GIN,GN,GIN,http://www.wikidata.org/entity/Q959362,http://dbpedia.org/resource/Gin,the Republic of Guinea,Guinea,2420477,GUI,224,gv,Yes,324,106,GV,GN,GUI,GUI,RG,True,11,Guinean Franc,Developing,Guinea,GNF,,324,324,202,2,0,,Western Africa,GUINEA,x,Africa,Sub-Saharan Africa,World,Conakry,AF,.gn,fr-GN,Guinea,J9
GLP,GP,,,,,Guadeloupe,3579143,GLP,590,gp,Part of FR,312,100,GP,MF,GDL,GUD,F,True,29,Euro,Developing,,EUR,,978,312,419,19,2,,Caribbean,GUADELOUPE,,Americas,Latin America and the Caribbean,World,Basse-Terre,,.gp,fr-GP,Guadeloupe,J6
GMB,GM,GMB,http://www.wikidata.org/entity/Q172791,http://dbpedia.org/resource/GMB,the Republic of the Gambia,Gambia,2413451,GAM,220,gm,Yes,270,90,GA,GB,GMB,GAM,WAG,True,11,Dalasi,Developing,Gambia (the),GMD,,270,270,202,2,2,,Western Africa,GAMBIA,x,Africa,Sub-Saharan Africa,World,Banjul,AF,.gm,"en-GM,mnk,wof,wo,ff",Gambia,I6
GNB,GW,GNB,http://www.wikidata.org/entity/Q213837,http://dbpedia.org/resource/GNB,the Republic of Guinea-Bissau,Guinea-Bissau,2372248,GNB,245,pg,Yes,624,105,PU,GW,GNB,GBS,GW,True,11,CFA Franc BCEAO,Developing,Guinea-Bissau,XOF,x,952,624,202,2,0,,Western Africa,GUINEA-BISSAU,x,Africa,Sub-Saharan Africa,World,Bissau,AF,.gw,"pt-GW,pov",Guinea-Bissau,S0
GNQ,GQ,GNQ,http://www.wikidata.org/entity/Q26201933,,the Republic of Equatorial Guinea,Equatorial Guinea,2309096,EQG,240,eg,Yes,226,76,EK,GQ,GNE,GEQ,EQ,True,17,CFA Franc BEAC,Developing,Equatorial Guinea,XAF,,950,226,202,2,0,,Middle Africa,EQUATORIAL GUINEA,,Africa,Sub-Saharan Africa,World,Malabo,AF,.gq,"es-GQ,fr",Equatorial Guinea,H4
GRC,GR,GRC,http://www.wikidata.org/entity/Q35497,http://dbpedia.org/resource/GRC,the Hellenic Republic,Greece,390903,GRE,30,gr,Yes,300,97,GR,GR,GRC,GRE,GR,True,,Euro,Developed,Greece,EUR,,978,300,39,150,2,,,GREECE,,Europe,Southern Europe,World,Athens,EU,.gr,"el-GR,en,fr",Greece,J3
GRD,GD,GRD,http://www.wikidata.org/entity/Q3914257,http://dbpedia.org/resource/GRD,Grenada,Grenada,3580239,GRN,1-473,gd,Yes,308,99,GJ,GD,GRD,GRN,WG,True,29,East Caribbean Dollar,Developing,Grenada,XCD,x,951,308,419,19,2,,Caribbean,GRENADA,,Americas,Latin America and the Caribbean,World,St. George's,,.gd,en-GD,Grenada,J5
GRL,GL,GRL,http://www.wikidata.org/entity/Q3100455,http://dbpedia.org/resource/GRL,,Greenland,3425505,GRL,299,gl,Part of DK,304,98,GL,GL,GRL,GRL,DK,True,,Danish Krone,Developed,,DKK,,208,304,21,19,2,,,GREENLAND,,Americas,Northern America,World,Nuuk,,.gl,"kl,da-GL,en",Greenland,J4
GTM,GT,GTM,http://www.wikidata.org/entity/Q1487329,http://dbpedia.org/resource/GTM,the Republic of Guatemala,Guatemala,3595528,GUA,502,gt,Yes,320,103,GT,GU,GTM,GUA,GCA,True,13,Quetzal,Developing,Guatemala,GTQ,,320,320,419,19,2,,Central America,GUATEMALA,,Americas,Latin America and the Caribbean,World,Guatemala City,,.gt,es-GT,Guatemala,J8
GUF,GF,,,,,French Guiana,3381670,GUF,594,fg,Part of FR,254,86,FG,FG,GUF,FGU,F,True,5,Euro,Developing,,EUR,,978,254,419,19,2,,South America,FRENCH GUIANA,,Americas,Latin America and the Caribbean,World,Cayenne,SA,.gf,fr-GF,French Guiana,I3
GUM,GU,GUM,http://www.wikidata.org/entity/Q657,http://dbpedia.org/resource/Gum,,Guam,4043988,GUM,1-671,gu,Territory of US,316,101,GQ,GM,GUM,GUM,USA,True,,US Dollar,Developing,,USD,x,840,316,57,9,2,,,GUAM,,Oceania,Micronesia,World,Hagatna,OC,.gu,"en-GU,ch-GU",Guam,GU
GUY,GY,GUY,http://www.wikidata.org/entity/Q734,http://dbpedia.org/resource/Guy,the Republic of Guyana,Guyana,3378535,GUY,592,gy,Yes,328,107,GY,GY,GUY,GUY,GUY,True,5,Guyana Dollar,Developing,Guyana,GYD,x,328,328,419,19,2,,South America,GUYANA,,Americas,Latin America and the Caribbean,World,Georgetown,SA,.gy,en-GY,Guyana,K0
HKG,HK,HKG,http://www.wikidata.org/entity/Q8646,http://dbpedia.org/resource/HKG,,"China, Hong Kong Special Administrative Region",1819730,HKG,852,,Part of CN,344,33364,HK,HK,HKG,HKG,HK,True,,Hong Kong Dollar,Developing,,HKD,,344,344,30,142,2,,,HONG KONG,,Asia,Eastern Asia,World,Hong Kong,AS,.hk,"zh-HK,yue,zh,en",Hong Kong,K3
HMD,HM,,,,,Heard Island and McDonald Islands,1547314,,672,hm,Territory of AU,334,109,HM,,,,AUS,True,,Australian Dollar,Developed,,AUD,,036,334,53,9,2,,,HEARD ISLAND AND MCDONALD ISLANDS,,Oceania,Australia and New Zealand,World,,AN,.hm,,Heard & McDonald Islands,K4
HND,HN,HND,http://www.wikidata.org/entity/Q200985,http://dbpedia.org/resource/HND,the Republic of Honduras,Honduras,3608932,HON,504,ho,Yes,340,111,HO,HO,HND,HON,,True,13,Lempira,Developing,Honduras,HNL,,340,340,419,19,2,,Central America,HONDURAS,,Americas,Latin America and the Caribbean,World,Tegucigalpa,,.hn,"es-HN,cab,miq",Honduras,K2
HRV,HR,HRV,http://www.wikidata.org/entity/Q224,http://dbpedia.org/resource/HRV,the Republic of Croatia,Croatia,3202326,CRO,385,ci,Yes,191,62,HR,RH,HRV,CRO,HR,True,,Kuna,Developed,Croatia,HRK,,191,191,39,150,2,,,CROATIA,,Europe,Southern Europe,World,Zagreb,EU,.hr,"hr-HR,sr",Croatia,1M
HTI,HT,HTI,http://www.wikidata.org/entity/Q679853,http://dbpedia.org/resource/HTI,the Republic of Haiti,Haiti,3723988,HAI,509,ht,Yes,332,108,HA,HA,HTI,HAI,RH,True,29,"Gourde,US Dollar",Developing,Haiti,"HTG,USD",x,"332,840",332,419,19,"2,2",,Caribbean,HAITI,x,Americas,Latin America and the Caribbean,World,Port-au-Prince,,.ht,"ht,fr-HT",Haiti,K1
HUN,HU,HUN,http://www.wikidata.org/entity/Q28,http://dbpedia.org/resource/Hoon_(Korean_name),Hungary,Hungary,719819,HUN,36,hu,Yes,348,113,HU,HU,HNG,HUN,H,True,,Forint,Developed,Hungary,HUF,,348,348,151,150,2,,,HUNGARY,,Europe,Eastern Europe,World,Budapest,EU,.hu,hu-HU,Hungary,K5
IDN,ID,IDN,http://www.wikidata.org/entity/Q252,http://dbpedia.org/resource/IDN,the Republic of Indonesia,Indonesia,1643084,IDN,62,io,Yes,360,116,ID,ID,INS,INA,RI,True,,Rupiah,Developing,Indonesia,IDR,,360,360,35,142,2,,,INDONESIA,,Asia,South-eastern Asia,World,Jakarta,AS,.id,"id,en,nl,jv",Indonesia,K8
IMN,IM,IMN,http://www.wikidata.org/entity/Q21261343,http://dbpedia.org/resource/IMN,,Isle of Man,3042225,GBM,44,uik,Crown dependency of GB,833,120,IM,,,,GBM,True,,Pound Sterling,Developed,,GBP,,826,833,154,150,2,,,ISLE OF MAN,,Europe,Northern Europe,World,Douglas,EU,.im,"en,gv",Isle of Man,Y8
IND,IN,IND,http://www.wikidata.org/entity/Q668,http://dbpedia.org/resource/IND,the Republic of India,India,1269750,IND,91,ii,Yes,356,115,IN,IN,IND,IND,IND,True,,Indian Rupee,Developing,India,INR,,356,356,34,142,2,,,INDIA,,Asia,Southern Asia,World,New Delhi,AS,.in,"en-IN,hi,bn,te,mr,ta,ur,gu,kn,ml,or,pa,as,bh,sat,ks,ne,sd,kok,doi,mni,sit,sa,fr,lus,inc",India,K7
IOT,IO,,,,,British Indian Ocean Territory,1282588,,246,bi,Territory of GB,86,38,IO,,BIO,,,True,14,US Dollar,Developing,,USD,,840,86,202,2,2,,Eastern Africa,BRITISH INDIAN OCEAN TERRITORY,,Africa,Sub-Saharan Africa,World,Diego Garcia,AS,.io,en-IO,British Indian Ocean Territory,D6
IRL,IE,IRL,http://www.wikidata.org/entity/Q27,http://dbpedia.org/resource/IRL,Ireland,Ireland,2963597,IRL,353,ie,Yes,372,119,EI,IE,IRL,IRL,IRL,True,,Euro,Developed,Ireland,EUR,,978,372,154,150,2,,,IRELAND,,Europe,Northern Europe,World,Dublin,EU,.ie,"en-IE,ga-IE",Ireland,L2
IRN,IR,IRN,http://www.wikidata.org/entity/Q4641,http://dbpedia.org/resource/IRN,the Islamic Republic of Iran,Iran (Islamic Republic of),130758,IRN,98,ir,Yes,364,117,IR,IR,IRN,IRI,IR,True,,Iranian Rial,Developing,Iran (Islamic Republic of),IRR,,364,364,34,142,2,,,IRAN (ISLAMIC REPUBLIC OF),,Asia,Southern Asia,World,Tehran,AS,.ir,"fa-IR,ku",Iran,
IRQ,IQ,IRQ,http://www.wikidata.org/entity/Q796,http://dbpedia.org/resource/IRQ,the Republic of Iraq,Iraq,99237,IRQ,964,iq,Yes,368,118,IZ,IQ,IRQ,IRQ,IRQ,True,,Iraqi Dinar,Developing,Iraq,IQD,,368,368,145,142,3,,,IRAQ,,Asia,Western Asia,World,Baghdad,AS,.iq,"ar-IQ,ku,hy",Iraq,L0
ISL,IS,ISL,http://www.wikidata.org/entity/Q14183,http://dbpedia.org/resource/ISL,the Republic of Iceland,Iceland,2629691,ISL,354,ic,Yes,352,114,IC,IL,ISL,ISL,IS,True,,Iceland Krona,Developed,Iceland,ISK,,352,352,154,150,0,,,ICELAND,,Europe,Northern Europe,World,Reykjavik,EU,.is,"is,en,de,da,sv,no",Iceland,K6
ISR,IL,ISR,http://www.wikidata.org/entity/Q801,http://dbpedia.org/resource/ISR,the State of Israel,Israel,294640,ISR,972,is,Yes,376,121,IS,IS,ISR,ISR,IL,True,,New Israeli Sheqel,Developed,Israel,ILS,,376,376,145,142,2,,,ISRAEL,,Asia,Western Asia,World,Jerusalem,AS,.il,"he,ar-IL,en-IL,",Israel,L3
ITA,IT,ITA,http://www.wikidata.org/entity/Q213684,http://dbpedia.org/resource/Ita,the Republic of Italy,Italy,3175395,ITA,39,it,Yes,380,122,IT,IY,I,ITA,I,True,,Euro,Developed,Italy,EUR,,978,380,39,150,2,,,ITALY,,Europe,Southern Europe,World,Rome,EU,.it,"it-IT,de-IT,fr-IT,sc,ca,co,sl",Italy,L6
JAM,JM,JAM,http://www.wikidata.org/entity/Q766,http://dbpedia.org/resource/Fruit_preserves,Jamaica,Jamaica,3489940,JAM,1-876,jm,Yes,388,123,JM,JM,JMC,JAM,JA,True,29,Jamaican Dollar,Developing,Jamaica,JMD,x,388,388,419,19,2,,Caribbean,JAMAICA,,Americas,Latin America and the Caribbean,World,Kingston,,.jm,en-JM,Jamaica,L8
JEY,JE,,,,,Jersey,3042142,GBJ,44,uik,Crown dependency of GB,832,128,JE,,,,GBJ,True,830,Pound Sterling,Developed,,GBP,,826,832,154,150,2,,Channel Islands,JERSEY,,Europe,Northern Europe,World,Saint Helier,EU,.je,"en,fr,nrf",Jersey,Y9
JOR,JO,JOR,http://www.wikidata.org/entity/Q810,http://dbpedia.org/resource/Jordan,the Hashemite Kingdom of Jordan,Jordan,248816,JOR,962,jo,Yes,400,130,JO,JD,JOR,JOR,HKJ,True,,Jordanian Dinar,Developing,Jordan,JOD,,400,400,145,142,3,,,JORDAN,,Asia,Western Asia,World,Amman,AS,.jo,"ar-JO,en",Jordan,M2
JPN,JP,JPN,http://www.wikidata.org/entity/Q17,http://dbpedia.org/resource/Japan,Japan,Japan,1861060,JPN,81,ja,Yes,392,126,JA,JP,J,JPN,J,True,,Yen,Developed,Japan,JPY,,392,392,30,142,0,,,JAPAN,,Asia,Eastern Asia,World,Tokyo,AS,.jp,ja,Japan,M0
KAZ,KZ,KAZ,http://www.wikidata.org/entity/Q232,http://dbpedia.org/resource/Kaz,the Republic of Kazakhstan,Kazakhstan,1522867,KAZ,7,kz,Yes,398,132,KZ,KZ,KAZ,KAZ,KZ,True,,Tenge,Developing,Kazakhstan,KZT,,398,398,143,142,2,x,,KAZAKHSTAN,,Asia,Central Asia,World,Astana,AS,.kz,"kk,ru",Kazakhstan,
KEN,KE,KEN,http://www.wikidata.org/entity/Q1059351,http://dbpedia.org/resource/Ken,the Republic of Kenya,Kenya,192950,KEN,254,ke,Yes,404,133,KE,KN,KEN,KEN,EAK,True,14,Kenyan Shilling,Developing,Kenya,KES,,404,404,202,2,2,,Eastern Africa,KENYA,,Africa,Sub-Saharan Africa,World,Nairobi,AF,.ke,"en-KE,sw-KE",Kenya,M3
KGZ,KG,KGZ,http://www.wikidata.org/entity/Q813,,the Kyrgyz Republic,Kyrgyzstan,1527747,KGZ,996,kg,Yes,417,138,KG,KG,KGZ,KGZ,KS,True,,Som,Developing,Kyrgyzstan,KGS,,417,417,143,142,2,x,,KYRGYZSTAN,,Asia,Central Asia,World,Bishkek,AS,.kg,"ky,uz,ru",Kyrgyzstan,1N
KHM,KH,KHM,http://www.wikidata.org/entity/Q4498330,http://dbpedia.org/resource/KHM,the Kingdom of Cambodia,Cambodia,1831722,CAM,855,cb,Yes,116,44,CB,KP,CBG,CAM,K,True,,Riel,Developing,Cambodia,KHR,,116,116,35,142,2,,,CAMBODIA,x,Asia,South-eastern Asia,World,Phnom Penh,AS,.kh,"km,fr,en",Cambodia,E3
KIR,KI,KIR,http://www.wikidata.org/entity/Q710,http://dbpedia.org/resource/KIR,the Republic of Kiribati,Kiribati,4030945,KIR,686,gb,Yes,296,135,KR,KB,KIR,KIR,,True,,Australian Dollar,Developing,Kiribati,AUD,x,036,296,57,9,2,,,KIRIBATI,x,Oceania,Micronesia,World,Tarawa,OC,.ki,"en-KI,gil",Kiribati,J2
KNA,KN,KNA,http://www.wikidata.org/entity/Q1111954,http://dbpedia.org/resource/KNA,Saint Kitts and Nevis,Saint Kitts and Nevis,3575174,SKN,1-869,xd,Yes,659,208,SC,AT,KNA,SKN,KN,True,29,East Caribbean Dollar,Developing,Saint Kitts and Nevis,XCD,x,951,659,419,19,2,,Caribbean,SAINT KITTS AND NEVIS,,Americas,Latin America and the Caribbean,World,Basseterre,,.kn,en-KN,St. Kitts & Nevis,U7
KOR,KR,KOR,http://www.wikidata.org/entity/Q884,http://dbpedia.org/resource/Kor,the Republic of Korea,Republic of Korea,1835841,KOR,82,ko,Yes,410,202,KS,KO,KOR,KOR,ROK,True,,Won,Developing,Republic of Korea (the),KRW,,410,410,30,142,0,,,KOREA (THE REPUBLIC OF),,Asia,Eastern Asia,World,Seoul,AS,.kr,"ko-KR,en",South Korea,
KWT,KW,KWT,http://www.wikidata.org/entity/Q2076934,http://dbpedia.org/resource/KWT,the State of Kuwait,Kuwait,285570,KUW,965,ku,Yes,414,137,KU,KW,KWT,KUW,KWT,True,,Kuwaiti Dinar,Developing,Kuwait,KWD,,414,414,145,142,3,,,KUWAIT,,Asia,Western Asia,World,Kuwait City,AS,.kw,"ar-KW,en",Kuwait,M6
LAO,LA,LAO,http://www.wikidata.org/entity/Q819,http://dbpedia.org/resource/Lao,the Lao People's Democratic Republic,Lao People's Democratic Republic,1655842,LAO,856,ls,Yes,418,139,LA,LA,LAO,LAO,LAO,True,,Lao Kip,Developing,Lao People's Democratic Republic (the),LAK,,418,418,35,142,2,x,,LAO PEOPLE’S DEMOCRATIC REPUBLIC,x,Asia,South-eastern Asia,World,Vientiane,AS,.la,"lo,fr,en",Laos,
LBN,LB,LBN,http://www.wikidata.org/entity/Q822,http://dbpedia.org/resource/Lynds'_Catalogue_of_Bright_Nebulae,the Lebanese Republic,Lebanon,272103,LIB,961,le,Yes,422,141,LE,LB,LBN,LIB,RL,True,,Lebanese Pound,Developing,Lebanon,LBP,,422,422,145,142,2,,,LEBANON,,Asia,Western Asia,World,Beirut,AS,.lb,"ar-LB,fr-LB,en,hy",Lebanon,M8
LBR,LR,LBR,http://www.wikidata.org/entity/Q1014,http://dbpedia.org/resource/LBR,the Republic of Liberia,Liberia,2275384,LBR,231,lb,Yes,430,144,LI,LI,LBR,LBR,LB,True,11,Liberian Dollar,Developing,Liberia,LRD,,430,430,202,2,2,,Western Africa,LIBERIA,x,Africa,Sub-Saharan Africa,World,Monrovia,AF,.lr,en-LR,Liberia,N0
LBY,LY,LBY,http://www.wikidata.org/entity/Q26125043,http://dbpedia.org/resource/MjÃ¶lby_Municipality,Libya,Libya,2215636,LBY,218,ly,Yes,434,145,LY,LY,LBY,LBA,LAR,True,,Libyan Dinar,Developing,Libya,LYD,,434,434,15,2,3,,,LIBYA,,Africa,Northern Africa,World,Tripoli,AF,.ly,"ar-LY,it,en",Libya,
LCA,LC,LCA,http://www.wikidata.org/entity/Q654636,http://dbpedia.org/resource/LCA,Saint Lucia,Saint Lucia,3576468,LCA,1-758,xk,Yes,662,209,ST,LC,LCA,LCA,WL,True,29,East Caribbean Dollar,Developing,Saint Lucia,XCD,x,951,662,419,19,2,,Caribbean,SAINT LUCIA,,Americas,Latin America and the Caribbean,World,Castries,,.lc,en-LC,St. Lucia,U9
LIE,LI,LIE,http://www.wikidata.org/entity/Q347,http://dbpedia.org/resource/Lie,the Principality of Liechtenstein,Liechtenstein,3042058,LIE,423,lh,Yes,438,146,LS,,LIE,LIE,FL,True,,Swiss Franc,Developed,Liechtenstein,CHF,,756,438,155,150,2,,,LIECHTENSTEIN,,Europe,Western Europe,World,Vaduz,EU,.li,de-LI,Liechtenstein,N2
LKA,LK,LKA,http://www.wikidata.org/entity/Q1247593,http://dbpedia.org/resource/LKA,the Democratic Socialist Republic of Sri Lanka,Sri Lanka,1227603,SRI,94,ce,Yes,144,231,CE,SB,CLN,SRI,CL,True,,Sri Lanka Rupee,Developing,Sri Lanka,LKR,,144,144,34,142,2,,,SRI LANKA,,Asia,Southern Asia,World,Colombo,AS,.lk,"si,ta,en",Sri Lanka,F1
LSO,LS,LSO,http://www.wikidata.org/entity/Q155805,http://dbpedia.org/resource/LSO,the Kingdom of Lesotho,Lesotho,932692,LES,266,lo,Yes,426,142,LT,LS,LSO,LES,LS,True,18,"Loti,Rand",Developing,Lesotho,"LSL,ZAR",,"426,710",426,202,2,"2,2",x,Southern Africa,LESOTHO,x,Africa,Sub-Saharan Africa,World,Maseru,AF,.ls,"en-LS,st,zu,xh",Lesotho,M9
LTU,LT,LTU,http://www.wikidata.org/entity/Q37,http://dbpedia.org/resource/LTU,the Republic of Lithuania,Lithuania,597427,LTU,370,li,Yes,440,147,LH,LT,LTU,LTU,LT,True,,Euro,Developed,Lithuania,EUR,,978,440,154,150,2,,,LITHUANIA,,Europe,Northern Europe,World,Vilnius,EU,.lt,"lt,ru,pl",Lithuania,1Q
LUX,LU,LUX,http://www.wikidata.org/entity/Q32,http://dbpedia.org/resource/LUX,the Grand Duchy of Luxembourg,Luxembourg,2960313,LUX,352,lu,Yes,442,148,LU,BX,LUX,LUX,L,True,,Euro,Developed,Luxembourg,EUR,,978,442,155,150,2,,,LUXEMBOURG,,Europe,Western Europe,World,Luxembourg,EU,.lu,"lb,de-LU,fr-LU",Luxembourg,N4
LVA,LV,LVA,http://www.wikidata.org/entity/Q211,http://dbpedia.org/resource/LVA,the Republic of Latvia,Latvia,458258,LVA,371,lv,Yes,428,140,LG,LV,LVA,LAT,LV,True,,Euro,Developed,Latvia,EUR,,978,428,154,150,2,,,LATVIA,,Europe,Northern Europe,World,Riga,EU,.lv,"lv,ru,lt",Latvia,1R
MAC,MO,MAC,http://www.wikidata.org/entity/Q3057783,http://dbpedia.org/resource/Mac,,"China, Macao Special Administrative Region",1821275,MAC,853,,Part of CN,446,149,MC,MU,MAC,MAC,MO,True,,Pataca,Developing,,MOP,,446,446,30,142,2,,,MACAO,,Asia,Eastern Asia,World,Macao,AS,.mo,"zh,zh-MO,pt",Macau,
MAF,MF,MAF,http://www.wikidata.org/entity/Q1073939,http://dbpedia.org/resource/MAF,,Saint Martin (French Part),3578421,,590,st,Part of FR,663,,RN,,,,,True,29,Euro,Developing,,EUR,,978,663,419,19,2,,Caribbean,SAINT MARTIN (FRENCH PART),,Americas,Latin America and the Caribbean,World,Marigot,,.gp,fr,St. Martin,
MAR,MA,MAR,http://www.wikidata.org/entity/Q110,http://dbpedia.org/resource/Mar,the Kingdom of Morocco,Morocco,2542007,MAR,212,mr,Yes,504,169,MO,MC,MRC,MAR,MA,True,,Moroccan Dirham,Developing,Morocco,MAD,,504,504,15,2,2,,,MOROCCO,,Africa,Northern Africa,World,Rabat,AF,.ma,"ar-MA,ber,fr",Morocco,P2
MCO,MC,MCO,http://www.wikidata.org/entity/Q675585,http://dbpedia.org/resource/MCO,the Principality of Monaco,Monaco,2993457,MON,377,mc,Yes,492,166,MN,,MCO,MON,MC,True,,Euro,Developed,Monaco,EUR,,978,492,155,150,2,,,MONACO,,Europe,Western Europe,World,Monaco,EU,.mc,"fr-MC,en,it",Monaco,O9
MDA,MD,MDA,http://www.wikidata.org/entity/Q217,http://dbpedia.org/resource/MDA,the Republic of Moldova,Republic of Moldova,617790,MDA,373,mv,Yes,498,165,MD,RM,MDA,MDA,MD,True,,Moldovan Leu,Developed,Republic of Moldova (the),MDL,,498,498,151,150,2,x,,MOLDOVA (THE REPUBLIC OF),,Europe,Eastern Europe,World,Chisinau,EU,.md,"ro,ru,gag,tr",Moldova,
MDG,MG,MDG,http://www.wikidata.org/entity/Q81737,http://dbpedia.org/resource/DNA-3-methyladenine_glycosylase,the Republic of Madagascar,Madagascar,1062947,MAD,261,mg,Yes,450,150,MA,MG,MDG,MAD,RM,True,14,Malagasy Ariary,Developing,Madagascar,MGA,,969,450,202,2,2,,Eastern Africa,MADAGASCAR,x,Africa,Sub-Saharan Africa,World,Antananarivo,AF,.mg,"fr-MG,mg",Madagascar,N6
MDV,MV,MDV,http://www.wikidata.org/entity/Q826,http://dbpedia.org/resource/MDV,the Republic of Maldives,Maldives,1282028,MDV,960,xc,Yes,462,154,MV,MV,MLD,MDV,MV,True,,Rufiyaa,Developing,Maldives,MVR,x,462,462,34,142,2,,,MALDIVES,,Asia,Southern Asia,World,Male,AS,.mv,"dv,en",Maldives,N9
MEX,MX,MEX,http://www.wikidata.org/entity/Q96,http://dbpedia.org/resource/MEX,the United Mexican States,Mexico,3996063,MEX,52,mx,Yes,484,162,MX,MX,MEX,MEX,MEX,True,13,Mexican Peso,Developing,Mexico,MXN,,484,484,419,19,2,,Central America,MEXICO,,Americas,Latin America and the Caribbean,World,Mexico City,,.mx,es-MX,Mexico,O5
MHL,MH,MHL,http://www.wikidata.org/entity/Q709,http://dbpedia.org/resource/MHL,the Republic of the Marshall Islands,Marshall Islands,2080185,MHL,692,xe,Yes,584,157,RM,MH,MHL,MSH,,True,,US Dollar,Developing,Marshall Islands (the),USD,x,840,584,57,9,2,,,MARSHALL ISLANDS,,Oceania,Micronesia,World,Majuro,OC,.mh,"mh,en-MH",Marshall Islands,1T
MKD,MK,MKD,http://www.wikidata.org/entity/Q221,http://dbpedia.org/resource/MKD,the former Yugoslav Republic of Macedonia,The former Yugoslav Republic of Macedonia,718075,MKD,389,xn,Yes,807,241,MK,MJ,MKD,MKD,MK,True,,Denar,Developed,the former Yugoslav Republic of Macedonia,MKD,,807,807,39,150,2,x,,MACEDONIA (THE FORMER YUGOSLAV REPUBLIC OF),,Europe,Southern Europe,World,Skopje,EU,.mk,"mk,sq,tr,rmm,sr",North Macedonia,
MLI,ML,MLI,http://www.wikidata.org/entity/Q912,http://dbpedia.org/resource/MLI,the Republic of Mali,Mali,2453866,MLI,223,ml,Yes,466,155,ML,MI,MLI,MLI,RMM,True,11,CFA Franc BCEAO,Developing,Mali,XOF,,952,466,202,2,0,x,Western Africa,MALI,x,Africa,Sub-Saharan Africa,World,Bamako,AF,.ml,"fr-ML,bm",Mali,O0
MLT,MT,MLT,http://www.wikidata.org/entity/Q233,http://dbpedia.org/resource/MLT,the Republic of Malta,Malta,2562770,MLT,356,mm,Yes,470,156,MT,ML,MLT,MLT,M,True,,Euro,Developed,Malta,EUR,,978,470,39,150,2,,,MALTA,,Europe,Southern Europe,World,Valletta,EU,.mt,"mt,en-MT",Malta,O1
MMR,MM,MMR,http://www.wikidata.org/entity/Q908104,http://dbpedia.org/resource/MMR,the Republic of the Union of Myanmar,Myanmar,1327865,MYA,95,br,Yes,104,171,BM,BM,MYA,MYA,BUR,True,,Kyat,Developing,Myanmar,MMK,,104,104,35,142,2,,,MYANMAR,x,Asia,South-eastern Asia,World,Nay Pyi Taw,AS,.mm,my,Myanmar,E1
MNE,ME,MNE,http://www.wikidata.org/entity/Q236,http://dbpedia.org/resource/MNE,Montenegro,Montenegro,3194884,MNE,382,mo,Yes,499,2647,MJ,,MNE,MGO,MNE,True,,Euro,Developed,Montenegro,EUR,,978,499,39,150,2,,,MONTENEGRO,,Europe,Southern Europe,World,Podgorica,EU,.me,"sr,hu,bs,sq,hr,rom",Montenegro,Z5
MNG,MN,MNG,http://www.wikidata.org/entity/Q711,http://dbpedia.org/resource/MediaNews_Group,Mongolia,Mongolia,2029969,MNG,976,mp,Yes,496,167,MG,MO,MNG,MGL,MGL,True,,Tugrik,Developing,Mongolia,MNT,,496,496,30,142,2,x,,MONGOLIA,,Asia,Eastern Asia,World,Ulan Bator,AS,.mn,"mn,ru",Mongolia,P0
MNP,MP,MNP,http://www.wikidata.org/entity/Q1176792,http://dbpedia.org/resource/MNP,,Northern Mariana Islands,4041468,NMI,1-670,nw,Commonwealth of US,580,185,CQ,MY,MRA,NMA,USA,True,,US Dollar,Developing,,USD,x,840,580,57,9,2,,,NORTHERN MARIANA ISLANDS,,Oceania,Micronesia,World,Saipan,OC,.mp,"fil,tl,zh,ch-MP,en-MP",Northern Mariana Islands,1V
MOZ,MZ,MOZ,http://www.wikidata.org/entity/Q1029,http://dbpedia.org/resource/MOZ,the Republic of Mozambique,Mozambique,1036973,MOZ,258,mz,Yes,508,170,MZ,MZ,MOZ,MOZ,MOC,True,14,Mozambique Metical,Developing,Mozambique,MZN,,943,508,202,2,2,,Eastern Africa,MOZAMBIQUE,x,Africa,Sub-Saharan Africa,World,Maputo,AF,.mz,"pt-MZ,vmw",Mozambique,P3
MRT,MR,MRT,http://www.wikidata.org/entity/Q40176,http://dbpedia.org/resource/MRT,the Islamic Republic of Mauritania,Mauritania,2378080,MTN,222,mu,Yes,478,159,MR,MT,MTN,MTN,RIM,True,11,Ouguiya,Developing,Mauritania,MRU,,929,478,202,2,2,,Western Africa,MAURITANIA,x,Africa,Sub-Saharan Africa,World,Nouakchott,AF,.mr,"ar-MR,fuc,snk,fr,mey,wo",Mauritania,O3
MSR,MS,,,,,Montserrat,3578097,MSR,1-664,mj,Territory of GB,500,168,MH,,MSR,MNT,,True,29,East Caribbean Dollar,Developing,,XCD,x,951,500,419,19,2,,Caribbean,MONTSERRAT,,Americas,Latin America and the Caribbean,World,Plymouth,,.ms,en-MS,Montserrat,P1
MTQ,MQ,,,,,Martinique,3570311,MTQ,596,mq,Part of FR,474,158,MB,MR,MRT,MRT,F,True,29,Euro,Developing,,EUR,,978,474,419,19,2,,Caribbean,MARTINIQUE,,Americas,Latin America and the Caribbean,World,Fort-de-France,,.mq,fr-MQ,Martinique,O2
MUS,MU,MUS,http://www.wikidata.org/entity/Q10435,http://dbpedia.org/resource/Mus,the Republic of Mauritius,Mauritius,934292,MRI,230,mf,Yes,480,160,MP,MA,MAU,MRI,MS,True,14,Mauritius Rupee,Developing,Mauritius,MUR,x,480,480,202,2,2,,Eastern Africa,MAURITIUS,,Africa,Sub-Saharan Africa,World,Port Louis,AF,.mu,"en-MU,bho,fr",Mauritius,O4
MWI,MW,MWI,http://www.wikidata.org/entity/Q17114067,http://dbpedia.org/resource/MWI,the Republic of Malawi,Malawi,927384,MWI,265,mw,Yes,454,152,MI,MW,MWI,MAW,MW,True,14,Malawi Kwacha,Developing,Malawi,MWK,,454,454,202,2,2,x,Eastern Africa,MALAWI,x,Africa,Sub-Saharan Africa,World,Lilongwe,AF,.mw,"ny,yao,tum,swk",Malawi,N7
MYS,MY,MYS,http://www.wikidata.org/entity/Q833,http://dbpedia.org/resource/MYS,Malaysia,Malaysia,1733045,MAS,60,my,Yes,458,153,MY,MS,MLA,MAS,MAL,True,,Malaysian Ringgit,Developing,Malaysia,MYR,,458,458,35,142,2,,,MALAYSIA,,Asia,South-eastern Asia,World,Kuala Lumpur,AS,.my,"ms-MY,en,zh,ta,te,ml,pa,th",Malaysia,N8
MYT,YT,,,,,Mayotte,1024031,MYT,262,ot,Part of FR,175,161,MF,,MYT,MAY,,True,14,Euro,Developing,,EUR,,978,175,202,2,2,,Eastern Africa,MAYOTTE,,Africa,Sub-Saharan Africa,World,Mamoudzou,AF,.yt,fr-YT,Mayotte,2P
NAM,,NAM,http://www.wikidata.org/entity/Q1030,http://dbpedia.org/resource/Nam,the Republic of Namibia,Namibia,3355338,NAM,264,sx,Yes,516,172,WA,NM,NMB,NAM,NAM,True,18,"Namibia Dollar,Rand",Developing,Namibia,"NAD,ZAR",,"516,710",516,202,2,"2,2",,Southern Africa,NAMIBIA,,Africa,Sub-Saharan Africa,World,Windhoek,AF,.na,"en-NA,af,de,hz,naq",Namibia,T6
NCL,NC,NCL,http://www.wikidata.org/entity/Q8975,http://dbpedia.org/resource/NCL,,New Caledonia,2139685,NCL,687,nl,Territory of FR,540,178,NC,NC,NCL,NCD,F,True,,CFP Franc,Developing,,XPF,x,953,540,54,9,0,,,NEW CALEDONIA,,Oceania,Melanesia,World,Noumea,OC,.nc,fr-NC,New Caledonia,1W
NER,NE,NER,http://www.wikidata.org/entity/Q309095,http://dbpedia.org/resource/NER,the Republic of the Niger,Niger,2440476,NIG,227,ng,Yes,562,181,NG,NR,NGR,NIG,RN,True,11,CFA Franc BCEAO,Developing,Niger (the),XOF,,952,562,202,2,0,x,Western Africa,NIGER,x,Africa,Sub-Saharan Africa,World,Niamey,AF,.ne,"fr-NE,ha,kr,dje",Niger,Q4
NFK,NF,,,,,Norfolk Island,2155115,NFK,672,nx,Territory of AU,574,184,NF,NF,NFK,NFI,AUS,True,,Australian Dollar,Developed,,AUD,,036,574,53,9,2,,,NORFOLK ISLAND,,Oceania,Australia and New Zealand,World,Kingston,OC,.nf,en-NF,Norfolk Island,Q7
NGA,NG,NGA,http://www.wikidata.org/entity/Q1033,http://dbpedia.org/resource/NGA,the Federal Republic of Nigeria,Nigeria,2328926,NGA,234,nr,Yes,566,182,NI,NI,NIG,NGR,WAN,True,11,Naira,Developing,Nigeria,NGN,,566,566,202,2,2,,Western Africa,NIGERIA,,Africa,Sub-Saharan Africa,World,Abuja,AF,.ng,"en-NG,ha,yo,ig,ff",Nigeria,Q5
NIC,NI,NIC,http://www.wikidata.org/entity/Q811,http://dbpedia.org/resource/NIC,the Republic of Nicaragua,Nicaragua,3617476,NCA,505,nq,Yes,558,180,NU,NK,NCG,NCA,NIC,True,13,Cordoba Oro,Developing,Nicaragua,NIO,,558,558,419,19,2,,Central America,NICARAGUA,,Americas,Latin America and the Caribbean,World,Managua,,.ni,"es-NI,en",Nicaragua,Q3
NIU,NU,,,,Niue,Niue,4036232,NIU,683,xh,Associated with NZ,570,183,NE,,NIU,NIU,NZ,True,,New Zealand Dollar,Developing,Niue    **,NZD,x,554,570,61,9,2,,,NIUE,,Oceania,Polynesia,World,Alofi,OC,.nu,"niu,en-NU",Niue,Q6
NLD,NL,NLD,http://www.wikidata.org/entity/Q7411,http://dbpedia.org/resource/NLD,the Kingdom of the Netherlands,Netherlands,2750405,NED,31,ne,Yes,528,177,NL,NL,HOL,NED,NL,True,,Euro,Developed,Netherlands (the),EUR,,978,528,155,150,2,,,NETHERLANDS,,Europe,Western Europe,World,Amsterdam,EU,.nl,"nl-NL,fy-NL",Netherlands,P7
NOR,NO,NOR,http://www.wikidata.org/entity/Q20,http://dbpedia.org/resource/Nor,the Kingdom of Norway,Norway,3144096,NOR,47,no,Yes,578,186,NO,NO,NOR,NOR,N,True,,Norwegian Krone,Developed,Norway,NOK,,578,578,154,150,2,,,NORWAY,,Europe,Northern Europe,World,Oslo,EU,.no,"no,nb,nn,se,fi",Norway,Q8
NPL,NP,NPL,http://www.wikidata.org/entity/Q837,http://dbpedia.org/resource/NPL,the Federal Democratic Republic of Nepal,Nepal,1282988,NEP,977,np,Yes,524,175,NP,NP,NPL,NEP,NEP,True,,Nepalese Rupee,Developing,Nepal,NPR,,524,524,34,142,2,x,,NEPAL,x,Asia,Southern Asia,World,Kathmandu,AS,.np,"ne,en",Nepal,P6
NRU,NR,NRU,http://www.wikidata.org/entity/Q1981890,http://dbpedia.org/resource/NRU,the Republic of Nauru,Nauru,2110425,NRU,674,nu,Yes,520,173,NR,NW,NRU,NRU,NAU,True,,Australian Dollar,Developing,Nauru,AUD,x,036,520,57,9,2,,,NAURU,,Oceania,Micronesia,World,Yaren,OC,.nr,"na,en-NR",Nauru,P5
NZL,NZ,NZL,http://www.wikidata.org/entity/Q664,http://dbpedia.org/resource/New_Zealand,New Zealand,New Zealand,2186224,NZL,64,nz,Yes,554,179,NZ,NZ,NZL,NZL,NZ,True,,New Zealand Dollar,Developed,New Zealand,NZD,,554,554,53,9,2,,,NEW ZEALAND,,Oceania,Australia and New Zealand,World,Wellington,OC,.nz,"en-NZ,mi",New Zealand,Q2
OMN,OM,OMN,http://www.wikidata.org/entity/Q44413,http://dbpedia.org/resource/Omni_Aviation,the Sultanate of Oman,Oman,286963,OMA,968,mk,Yes,512,187,MU,OM,OMA,OMA,,True,,Rial Omani,Developing,Oman,OMR,,512,512,145,142,3,,,OMAN,,Asia,Western Asia,World,Muscat,AS,.om,"ar-OM,en,bal,ur",Oman,P4
PAK,PK,PAK,http://www.wikidata.org/entity/Q843,http://dbpedia.org/resource/Pak,the Islamic Republic of Pakistan,Pakistan,1168579,PAK,92,pk,Yes,586,188,PK,PK,PAK,PAK,PK,True,,Pakistan Rupee,Developing,Pakistan,PKR,,586,586,34,142,2,,,PAKISTAN,,Asia,Southern Asia,World,Islamabad,AS,.pk,"ur-PK,en-PK,pa,sd,ps,brh",Pakistan,R0
PAN,PA,PAN,http://www.wikidata.org/entity/Q410882,http://dbpedia.org/resource/Pan,the Republic of Panama,Panama,3703430,PAN,507,pn,Yes,591,191,PM,PM,PNR,PAN,PA,True,13,"Balboa,US Dollar",Developing,Panama,"PAB,USD",,"590,840",591,419,19,"2,2",,Central America,PANAMA,,Americas,Latin America and the Caribbean,World,Panama City,,.pa,"es-PA,en",Panama,R1
PCN,PN,,,,,Pitcairn,4030699,PCN,870,pc,Territory of GB,612,197,PC,PT,PTC,,,True,,New Zealand Dollar,Developing,,NZD,,554,612,61,9,2,,,PITCAIRN,,Oceania,Polynesia,World,Adamstown,OC,.pn,en-PN,Pitcairn Islands,R8
PER,PE,PER,http://www.wikidata.org/entity/Q10511,http://dbpedia.org/resource/Per,the Republic of Peru,Peru,3932488,PER,51,pe,Yes,604,195,PE,PR,PRU,PER,PE,True,5,Sol,Developing,Peru,PEN,,604,604,419,19,2,,South America,PERU,,Americas,Latin America and the Caribbean,World,Lima,SA,.pe,"es-PE,qu,ay",Peru,R5
PHL,PH,PHL,http://www.wikidata.org/entity/Q928,http://dbpedia.org/resource/Professional_Hockey_League,the Republic of the Philippines,Philippines,1694008,PHI,63,ph,Yes,608,196,RP,PH,PHL,PHI,RP,True,,Philippine Peso,Developing,Philippines (the),PHP,,608,608,35,142,2,,,PHILIPPINES,,Asia,South-eastern Asia,World,Manila,AS,.ph,"tl,en-PH,fil,ceb,tgl,ilo,hil,war,pam,bik,bcl,pag,mrw,tsg,mdh,cbk,krj,sgd,msb,akl,ibg,yka,mta,abx",Philippines,R6
PLW,PW,PLW,http://www.wikidata.org/entity/Q1432303,http://dbpedia.org/resource/PLW,the Republic of Palau,Palau,1559582,PLW,680,pw,Yes,585,189,PS,,PLW,PLW,,True,,US Dollar,Developing,Palau,USD,x,840,585,57,9,2,,,PALAU,,Oceania,Micronesia,World,Melekeok,OC,.pw,"pau,sov,en-PW,tox,ja,fil,zh",Palau,1Y
PNG,PG,PNG,http://www.wikidata.org/entity/Q691,http://dbpedia.org/resource/PNG,Independent State of Papua New Guinea,Papua New Guinea,2088628,PNG,675,pp,Yes,598,192,PP,NG,PNG,PNG,PNG,True,,Kina,Developing,Papua New Guinea,PGK,x,598,598,54,9,2,,,PAPUA NEW GUINEA,,Oceania,Melanesia,World,Port Moresby,OC,.pg,"en-PG,ho,meu,tpi",Papua New Guinea,R2
POL,PL,POL,http://www.wikidata.org/entity/Q385527,http://dbpedia.org/resource/Pol,the Republic of Poland,Poland,798544,POL,48,pl,Yes,616,198,PL,PL,POL,POL,PL,True,,Zloty,Developed,Poland,PLN,,985,616,151,150,2,,,POLAND,,Europe,Eastern Europe,World,Warsaw,EU,.pl,pl,Poland,R9
PRI,PR,PRI,http://www.wikidata.org/entity/Q174430,http://dbpedia.org/resource/PRI,,Puerto Rico,4566966,PUR,1,pr,Commonwealth of US,630,200,RQ,PU,PTR,PUR,USA,True,29,US Dollar,Developing,,USD,x,840,630,419,19,2,,Caribbean,PUERTO RICO,,Americas,Latin America and the Caribbean,World,San Juan,,.pr,"en-PR,es-PR",Puerto Rico,PR
PRK,KP,PRK,http://www.wikidata.org/entity/Q423,http://dbpedia.org/resource/PRK,the Democratic People's Republic of Korea,Democratic People's Republic of Korea,1873107,PRK,850,kn,Yes,408,67,KN,KR,KRE,PRK,,True,,North Korean Won,Developing,Democratic People's Republic of Korea (the),KPW,,408,408,30,142,2,,,KOREA (THE DEMOCRATIC PEOPLE’S REPUBLIC OF),,Asia,Eastern Asia,World,Pyongyang,AS,.kp,ko-KP,North Korea,
PRT,PT,PRT,http://www.wikidata.org/entity/Q45,http://dbpedia.org/resource/PRT,the Portuguese Republic,Portugal,2264397,POR,351,po,Yes,620,199,PO,PO,POR,POR,P,True,,Euro,Developed,Portugal,EUR,,978,620,39,150,2,,,PORTUGAL,,Europe,Southern Europe,World,Lisbon,EU,.pt,"pt-PT,mwl",Portugal,S1
PRY,PY,PRY,http://www.wikidata.org/entity/Q358381,http://dbpedia.org/resource/PRY,the Republic of Paraguay,Paraguay,3437598,PAR,595,py,Yes,600,194,PA,PY,PRG,PAR,PY,True,5,Guarani,Developing,Paraguay,PYG,,600,600,419,19,0,x,South America,PARAGUAY,,Americas,Latin America and the Caribbean,World,Asuncion,SA,.py,"es-PY,gn",Paraguay,R4
PSE,PS,PSE,http://www.wikidata.org/entity/Q386005,http://dbpedia.org/resource/PSE,State of Palestine,State of Palestine,6254930,PLE,970,"gz,wj",In contention,275,"91,267","GZ,WE",,,PLE,,True,,No universal currency,Developing,State of Palestine  *,,,,275,145,142,,,,"PALESTINE, STATE OF",,Asia,Western Asia,World,East Jerusalem,AS,.ps,ar-PS,Palestine,
PYF,PF,PYF,http://www.wikidata.org/entity/Q7738382,http://dbpedia.org/resource/Pyflag,,French Polynesia,4030656,TAH,689,fp,Territory of FR,258,87,FP,PF,OCE,FPO,F,True,,CFP Franc,Developing,,XPF,x,953,258,61,9,0,,,FRENCH POLYNESIA,,Oceania,Polynesia,World,Papeete,OC,.pf,"fr-PF,ty",French Polynesia,I4
QAT,QA,QAT,http://www.wikidata.org/entity/Q207642,http://dbpedia.org/resource/Khat,the State of Qatar,Qatar,289688,QAT,974,qa,Yes,634,201,QA,QT,QAT,QAT,Q,True,,Qatari Rial,Developing,Qatar,QAR,,634,634,145,142,2,,,QATAR,,Asia,Western Asia,World,Doha,AS,.qa,"ar-QA,es",Qatar,S3
REU,RE,,,,,Réunion,935317,REU,262,re,Part of FR,638,206,RE,RE,REU,REU,F,True,14,Euro,Developing,,EUR,,978,638,202,2,2,,Eastern Africa,RÉUNION,,Africa,Sub-Saharan Africa,World,Saint-Denis,AF,.re,fr-RE,Réunion,
ROU,RO,ROU,http://www.wikidata.org/entity/Q308035,http://dbpedia.org/resource/Rou,Romania,Romania,798549,ROU,40,rm,Yes,642,203,RO,RO,ROU,ROU,RO,True,,Romanian Leu,Developed,Romania,RON,,946,642,151,150,2,,,ROMANIA,,Europe,Eastern Europe,World,Bucharest,EU,.ro,"ro,hu,rom",Romania,S5
RUS,RU,RUS,http://www.wikidata.org/entity/Q159,http://dbpedia.org/resource/Rus,the Russian Federation,Russian Federation,2017370,RUS,7,ru,Yes,643,204,RS,RS,RUS,RUS,RUS,True,,Russian Ruble,Developed,Russian Federation (the),RUB,,643,643,151,150,2,,,RUSSIAN FEDERATION,,Europe,Eastern Europe,World,Moscow,EU,.ru,"ru,tt,xal,cau,ady,kv,ce,tyv,cv,udm,tut,mns,bua,myv,mdf,chm,ba,inh,tut,kbd,krc,av,sah,nog",Russia,1Z
RWA,RW,RWA,http://www.wikidata.org/entity/Q1109000,http://dbpedia.org/resource/RWA,the Republic of Rwanda,Rwanda,49518,RWA,250,rw,Yes,646,205,RW,RW,RRW,RWA,RWA,True,14,Rwanda Franc,Developing,Rwanda,RWF,,646,646,202,2,0,x,Eastern Africa,RWANDA,x,Africa,Sub-Saharan Africa,World,Kigali,AF,.rw,"rw,en-RW,fr-RW,sw",Rwanda,S6
SAU,SA,SAU,http://www.wikidata.org/entity/Q23775,http://dbpedia.org/resource/SAU,the Kingdom of Saudi Arabia,Saudi Arabia,102358,KSA,966,su,Yes,682,215,SA,SD,ARS,KSA,SA,True,,Saudi Riyal,Developing,Saudi Arabia,SAR,,682,682,145,142,2,,,SAUDI ARABIA,,Asia,Western Asia,World,Riyadh,AS,.sa,ar-SA,Saudi Arabia,T0
SDN,SD,SDN,http://www.wikidata.org/entity/Q1418913,http://dbpedia.org/resource/SDN,the Republic of the Sudan,Sudan,366755,SUD,249,sj,Yes,729,40764,SU,SU,SDN,SUD,SUD,True,,Sudanese Pound,Developing,Sudan (the),SDG,,938,729,15,2,2,,,SUDAN,x,Africa,Northern Africa,World,Khartoum,AF,.sd,"ar-SD,en,fia",Sudan,V2
SEN,SN,SEN,http://www.wikidata.org/entity/Q737819,http://dbpedia.org/resource/Sen,the Republic of Senegal,Senegal,2245662,SEN,221,sg,Yes,686,217,SG,SG,SEN,SEN,SN,True,11,CFA Franc BCEAO,Developing,Senegal,XOF,,952,686,202,2,0,,Western Africa,SENEGAL,x,Africa,Sub-Saharan Africa,World,Dakar,AF,.sn,"fr-SN,wo,fuc,mnk",Senegal,T1
SGP,SG,SGP,http://www.wikidata.org/entity/Q334,http://dbpedia.org/resource/SGP,the Republic of Singapore,Singapore,1880251,SIN,65,si,Yes,702,222,SN,SR,SNG,SIN,SGP,True,,Singapore Dollar,Developing,Singapore,SGD,x,702,702,35,142,2,,,SINGAPORE,,Asia,South-eastern Asia,World,Singapore,AS,.sg,"cmn,en-SG,ms-SG,ta-SG,zh-SG",Singapore,U0
SGS,GS,,,,,South Georgia and the South Sandwich Islands,3474415,,500,xs,Territory of GB,239,228,SX,,,,,True,5,No universal currency,Developing,,,,,239,419,19,,,South America,SOUTH GEORGIA AND THE SOUTH SANDWICH ISLANDS,,Americas,Latin America and the Caribbean,World,Grytviken,AN,.gs,en,South Georgia & South Sandwich Islands,1L
SHN,SH,,,,,Saint Helena,3370751,SHN,290,xj,Territory of GB,654,207,SH,HE,SHN,HEL,SH,True,11,Saint Helena Pound,Developing,,SHP,,654,654,202,2,2,,Western Africa,"SAINT HELENA, ASCENSION AND TRISTAN DA CUNHA",,Africa,Sub-Saharan Africa,World,Jamestown,AF,.sh,en-SH,St. Helena,
SJM,SJ,,,,,Svalbard and Jan Mayen Islands,607072,,47,,Territory of NO,744,234,"SV,JN",SZ,NOR,,,True,,Norwegian Krone,Developed,,NOK,,578,744,154,150,2,,,SVALBARD AND JAN MAYEN,,Europe,Northern Europe,World,Longyearbyen,EU,.sj,"no,ru",Svalbard & Jan Mayen,L9
SLB,SB,SLB,http://www.wikidata.org/entity/Q131499,http://dbpedia.org/resource/SLB,Solomon Islands,Solomon Islands,2103350,SOL,677,bp,Yes,90,225,BP,SO,SLM,SOL,SB,True,,Solomon Islands Dollar,Developing,Solomon Islands,SBD,x,090,90,54,9,2,,,SOLOMON ISLANDS,x,Oceania,Melanesia,World,Honiara,OC,.sb,"en-SB,tpi",Solomon Islands,D7
SLE,SL,SLE,http://www.wikidata.org/entity/Q1044,http://dbpedia.org/resource/SLE,the Republic of Sierra Leone,Sierra Leone,2403846,SLE,232,sl,Yes,694,221,SL,SL,SRL,SLE,WAL,True,11,Leone,Developing,Sierra Leone,SLL,,694,694,202,2,2,,Western Africa,SIERRA LEONE,x,Africa,Sub-Saharan Africa,World,Freetown,AF,.sl,"en-SL,men,tem",Sierra Leone,T8
SLV,SV,SLV,http://www.wikidata.org/entity/Q1187865,http://dbpedia.org/resource/SLV,the Republic of El Salvador,El Salvador,3585968,SLV,503,es,Yes,222,75,ES,ES,SLV,ESA,ES,True,13,"El Salvador Colon,US Dollar",Developing,El Salvador,"SVC,USD",,"222,840",222,419,19,"2,2",,Central America,EL SALVADOR,,Americas,Latin America and the Caribbean,World,San Salvador,,.sv,es-SV,El Salvador,H3
SMR,SM,SMR,http://www.wikidata.org/entity/Q238,http://dbpedia.org/resource/SMR,the Republic of San Marino,San Marino,3168068,SMR,378,sm,Yes,674,213,SM,,SMR,SMR,RSM,True,,Euro,Developed,San Marino,EUR,,978,674,39,150,2,,,SAN MARINO,,Europe,Southern Europe,World,San Marino,EU,.sm,it-SM,San Marino,S8
SOM,SO,SOM,http://www.wikidata.org/entity/Q1045,http://dbpedia.org/resource/Som,the Federal Republic of Somalia,Somalia,51537,SOM,252,so,Yes,706,226,SO,SI,SOM,SOM,SO,True,14,Somali Shilling,Developing,Somalia,SOS,,706,706,202,2,2,,Eastern Africa,SOMALIA,x,Africa,Sub-Saharan Africa,World,Mogadishu,AF,.so,"so-SO,ar-SO,it,en-SO",Somalia,U1
SPM,PM,,,,,Saint Pierre and Miquelon,3424932,SPM,508,xl,Part of FR,666,210,SB,FP,SPM,SPM,F,True,,Euro,Developed,,EUR,,978,666,21,19,2,,,SAINT PIERRE AND MIQUELON,,Americas,Northern America,World,Saint-Pierre,,.pm,fr-PM,St. Pierre & Miquelon,V0
SRB,RS,SRB,http://www.wikidata.org/entity/Q403,http://dbpedia.org/resource/SRB,the Republic of Serbia,Serbia,6290252,SRB,381,rb,Yes,688,2648,"RI,KV",YG,SRB,SRB,SRB,True,,Serbian Dinar,Developed,Serbia,RSD,,941,688,39,150,2,,,SERBIA,,Europe,Southern Europe,World,Belgrade,EU,.rs,"sr,hu,bs,rom",Serbia,Z2
SSD,SS,SSD,http://www.wikidata.org/entity/Q113,http://dbpedia.org/resource/Solid-state_drive,the Republic of South Sudan,South Sudan,7909807,,211,sd,Yes,728,,OD,,SSD,,,True,14,South Sudanese Pound,Developing,South Sudan,SSP,,728,728,202,2,2,x,Eastern Africa,SOUTH SUDAN,x,Africa,Sub-Saharan Africa,World,Juba,AF,,en,South Sudan,
STP,ST,STP,http://www.wikidata.org/entity/Q1039,http://dbpedia.org/resource/STP,the Democratic Republic of Sao Tome and Principe,Sao Tome and Principe,2410758,STP,239,sf,Yes,678,214,TP,TP,STP,STP,ST,True,17,Dobra,Developing,Sao Tome and Principe,STN,x,930,678,202,2,2,,Middle Africa,SAO TOME AND PRINCIPE,x,Africa,Sub-Saharan Africa,World,Sao Tome,AF,.st,pt-ST,São Tomé & Príncipe,S9
SUR,SR,SUR,http://www.wikidata.org/entity/Q730,http://dbpedia.org/resource/SUR,the Republic of Suriname,Suriname,3382998,SUR,597,sr,Yes,740,233,NS,SM,SUR,SUR,SME,True,5,Surinam Dollar,Developing,Suriname,SRD,x,968,740,419,19,2,,South America,SURINAME,,Americas,Latin America and the Caribbean,World,Paramaribo,SA,.sr,"nl-SR,en,srn,hns,jv",Suriname,V3
SVK,SK,SVK,http://www.wikidata.org/entity/Q214,http://dbpedia.org/resource/SVK,the Slovak Republic,Slovakia,3057568,SVK,421,xo,Yes,703,223,LO,SQ,SVK,SVK,SK,True,,Euro,Developed,Slovakia,EUR,,978,703,151,150,2,,,SLOVAKIA,,Europe,Eastern Europe,World,Bratislava,EU,.sk,"sk,hu",Slovakia,2B
SVN,SI,SVN,http://www.wikidata.org/entity/Q215,http://dbpedia.org/resource/SVN,the Republic of Slovenia,Slovenia,3190538,SVN,386,xv,Yes,705,224,SI,LJ,SVN,SLO,SLO,True,,Euro,Developed,Slovenia,EUR,,978,705,39,150,2,,,SLOVENIA,,Europe,Southern Europe,World,Ljubljana,EU,.si,"sl,sh",Slovenia,2A
SWE,SE,SWE,http://www.wikidata.org/entity/Q34,http://dbpedia.org/resource/SWE,the Kingdom of Sweden,Sweden,2661886,SWE,46,sw,Yes,752,236,SW,SN,S,SWE,S,True,,Swedish Krona,Developed,Sweden,SEK,,752,752,154,150,2,,,SWEDEN,,Europe,Northern Europe,World,Stockholm,EU,.se,"sv-SE,se,sma,fi-SE",Sweden,V7
SWZ,SZ,SWZ,http://www.wikidata.org/entity/Q1050,,,Eswatini,934841,SWZ,268,sq,Yes,748,235,WZ,SV,SWZ,SWZ,SD,True,18,Lilangeni,Developing,,SZL,,748,748,202,2,2,x,Southern Africa,ESWATINI,,Africa,Sub-Saharan Africa,World,Mbabane,AF,.sz,"en-SZ,ss-SZ",Eswatini,
SXM,SX,SXM,http://www.wikidata.org/entity/Q723325,http://dbpedia.org/resource/SXM,,Sint Maarten (Dutch part),7609695,,1-721,sn,Part of NL,534,,NN,,,,,True,29,Netherlands Antillean Guilder,Developing,,ANG,x,532,534,419,19,2,,Caribbean,SINT MAARTEN (DUTCH PART),,Americas,Latin America and the Caribbean,World,Philipsburg,,.sx,"nl,en",Sint Maarten,
SYC,SC,SYC,http://www.wikidata.org/entity/Q1001322,http://dbpedia.org/resource/SYC,the Republic of Seychelles,Seychelles,241170,SEY,248,se,Yes,690,220,SE,SC,SEY,SEY,SY,True,14,Seychelles Rupee,Developing,Seychelles,SCR,x,690,690,202,2,2,,Eastern Africa,SEYCHELLES,,Africa,Sub-Saharan Africa,World,Victoria,AF,.sc,"en-SC,fr-SC",Seychelles,T2
SYR,SY,SYR,http://www.wikidata.org/entity/Q858,http://dbpedia.org/resource/SYR,the Syrian Arab Republic,Syrian Arab Republic,163843,SYR,963,sy,Yes,760,238,SY,SY,SYR,SYR,SYR,True,,Syrian Pound,Developing,Syrian Arab Republic,SYP,,760,760,145,142,2,,,SYRIAN ARAB REPUBLIC,,Asia,Western Asia,World,Damascus,AS,.sy,"ar-SY,ku,hy,arc,fr,en",Syria,V9
TCA,TC,TCA,http://www.wikidata.org/entity/Q17623,http://dbpedia.org/resource/TCA,,Turks and Caicos Islands,3576916,TCA,1-649,tc,Territory of GB,796,251,TK,TI,TCA,TKS,,True,29,US Dollar,Developing,,USD,,840,796,419,19,2,,Caribbean,TURKS AND CAICOS ISLANDS,,Americas,Latin America and the Caribbean,World,Cockburn Town,,.tc,en-TC,Turks & Caicos Islands,W7
TCD,TD,TCD,http://www.wikidata.org/entity/Q258464,http://dbpedia.org/resource/TCD,the Republic of Chad,Chad,2434508,CHA,235,cd,Yes,148,50,CD,CD,TCD,CHA,TCH,True,17,CFA Franc BEAC,Developing,Chad,XAF,,950,148,202,2,0,x,Middle Africa,CHAD,x,Africa,Sub-Saharan Africa,World,N'Djamena,AF,.td,"fr-TD,ar-TD,sre",Chad,F2
TGO,TG,TGO,http://www.wikidata.org/entity/Q1018059,http://dbpedia.org/resource/TGO,the Togolese Republic,Togo,2363686,TOG,228,tg,Yes,768,243,TO,TG,TGO,TOG,TG,True,11,CFA Franc BCEAO,Developing,Togo,XOF,,952,768,202,2,0,,Western Africa,TOGO,x,Africa,Sub-Saharan Africa,World,Lome,AF,.tg,"fr-TG,ee,hna,kbp,dag,ha",Togo,W2
THA,TH,THA,http://www.wikidata.org/entity/Q869,http://dbpedia.org/resource/THA,the Kingdom of Thailand,Thailand,1605651,THA,66,th,Yes,764,240,TH,TH,THA,THA,T,True,,Baht,Developing,Thailand,THB,,764,764,35,142,2,,,THAILAND,,Asia,South-eastern Asia,World,Bangkok,AS,.th,"th,en",Thailand,W1
TJK,TJ,TJK,http://www.wikidata.org/entity/Q863,,the Republic of Tajikistan,Tajikistan,1220409,TJK,992,ta,Yes,762,239,TI,TA,TJK,TJK,TJ,True,,Somoni,Developing,Tajikistan,TJS,,972,762,143,142,2,x,,TAJIKISTAN,,Asia,Central Asia,World,Dushanbe,AS,.tj,"tg,ru",Tajikistan,2D
TKL,TK,,,,,Tokelau,4031074,TKL,690,tl,Territory of NZ,772,244,TL,TK,TKL,,NZ,True,,New Zealand Dollar,Developing,,NZD,,554,772,61,9,2,,,TOKELAU,,Oceania,Polynesia,World,,OC,.tk,"tkl,en-TK",Tokelau,W3
TKM,TM,TKM,http://www.wikidata.org/entity/Q874,http://dbpedia.org/resource/TKM,Turkmenistan,Turkmenistan,1218197,TKM,993,tk,Yes,795,250,TX,TR,TKM,TKM,TM,True,,Turkmenistan New Manat,Developing,Turkmenistan,TMT,,934,795,143,142,2,x,,TURKMENISTAN,,Asia,Central Asia,World,Ashgabat,AS,.tm,"tk,ru,uz",Turkmenistan,2E
TLS,TL,TLS,http://www.wikidata.org/entity/Q574,http://dbpedia.org/resource/TLS,the Democratic Republic of Timor-Leste,Timor-Leste,1966436,TLS,670,em,Yes,626,242,TT,TM,TLS,TLS,RI,True,,US Dollar,Developing,Timor-Leste,USD,x,840,626,35,142,2,,,TIMOR-LESTE,x,Asia,South-eastern Asia,World,Dili,OC,.tl,"tet,pt-TL,id,en",Timor-Leste,Z3
TON,TO,TON,http://www.wikidata.org/entity/Q76368,http://dbpedia.org/resource/Ton,the Kingdom of Tonga,Tonga,4032283,TGA,676,to,Yes,776,245,TN,TO,TON,TGA,TO,True,,Pa’anga,Developing,Tonga,TOP,x,776,776,61,9,2,,,TONGA,,Oceania,Polynesia,World,Nuku'alofa,OC,.to,"to,en-TO",Tonga,W4
TTO,TT,TTO,http://www.wikidata.org/entity/Q754,http://dbpedia.org/resource/TTO,the Republic of Trinidad and Tobago,Trinidad and Tobago,3573591,TRI,1-868,tr,Yes,780,246,TD,TD,TRD,TTO,TT,True,29,Trinidad and Tobago Dollar,Developing,Trinidad and Tobago,TTD,x,780,780,419,19,2,,Caribbean,TRINIDAD AND TOBAGO,,Americas,Latin America and the Caribbean,World,Port of Spain,,.tt,"en-TT,hns,fr,es,zh",Trinidad & Tobago,W5
TUN,TN,TUN,http://www.wikidata.org/entity/Q935,http://dbpedia.org/resource/Tun,the Republic of Tunisia,Tunisia,2464461,TUN,216,ti,Yes,788,248,TS,TS,TUN,TUN,TN,True,,Tunisian Dinar,Developing,Tunisia,TND,,788,788,15,2,3,,,TUNISIA,,Africa,Northern Africa,World,Tunis,AF,.tn,"ar-TN,fr",Tunisia,W6
TUR,TR,TUR,http://www.wikidata.org/entity/Q43,http://dbpedia.org/resource/Tur,the Republic of Turkey,Turkey,298795,TUR,90,tu,Yes,792,249,TU,TU,TUR,TUR,TR,True,,Turkish Lira,Developing,Turkey,TRY,,949,792,145,142,2,,,TURKEY,,Asia,Western Asia,World,Ankara,AS,.tr,"tr-TR,ku,diq,az,av",Turkey,W8
TUV,TV,TUV,http://www.wikidata.org/entity/Q672,http://dbpedia.org/resource/TUV,Tuvalu,Tuvalu,2110297,TUV,688,tv,Yes,798,252,TV,TV,TUV,TUV,TV,True,,Australian Dollar,Developing,Tuvalu,AUD,x,036,798,61,9,2,,,TUVALU,x,Oceania,Polynesia,World,Funafuti,OC,.tv,"tvl,en,sm,gil",Tuvalu,2G
TWN,TW,,,,,,1668284,TPE,886,ch,Yes,158,925,TW,,,TPE,RC,,,,,,,,,,,,,,,,,,,,Taipei,AS,.tw,"zh-TW,zh,nan,hak",Taiwan,
TZA,TZ,TZA,http://www.wikidata.org/entity/Q1657585,http://dbpedia.org/resource/TZA,the United Republic of Tanzania,United Republic of Tanzania,149590,TAN,255,tz,Yes,834,257,TZ,TN,TZA,TAN,EAT,True,14,Tanzanian Shilling,Developing,United Republic of Tanzania (the),TZS,,834,834,202,2,2,,Eastern Africa,"TANZANIA, UNITED REPUBLIC OF",x,Africa,Sub-Saharan Africa,World,Dodoma,AF,.tz,"sw-TZ,en,ar",Tanzania,W0
UGA,UG,UGA,http://www.wikidata.org/entity/Q1036,http://dbpedia.org/resource/UGA,the Republic of Uganda,Uganda,226074,UGA,256,ug,Yes,800,253,UG,UG,UGA,UGA,EAU,True,14,Uganda Shilling,Developing,Uganda,UGX,,800,800,202,2,0,x,Eastern Africa,UGANDA,x,Africa,Sub-Saharan Africa,World,Kampala,AF,.ug,"en-UG,lg,sw,ar",Uganda,W9
UKR,UA,UKR,http://www.wikidata.org/entity/Q212,http://dbpedia.org/resource/Ukraine,Ukraine,Ukraine,690791,UKR,380,un,Yes,804,254,UP,UR,UKR,UKR,UA,True,,Hryvnia,Developed,Ukraine,UAH,,980,804,151,150,2,,,UKRAINE,,Europe,Eastern Europe,World,Kyiv,EU,.ua,"uk,ru-UA,rom,pl,hu",Ukraine,2H
UMI,UM,,,,,United States Minor Outlying Islands,5854968,,,"ji,xf,wk,uc,up",Territories of US,581,,"FQ,HQ,DQ,JQ,KQ,MQ,BQ,LQ,WQ",,,,USA,True,,US Dollar,Developing,,USD,,840,581,57,9,2,,,UNITED STATES MINOR OUTLYING ISLANDS,,Oceania,Micronesia,World,,OC,.um,en-UM,U.S. Outlying Islands,2J
URY,UY,URY,http://www.wikidata.org/entity/Q512596,http://dbpedia.org/resource/Ury,the Eastern Republic of Uruguay,Uruguay,3439705,URU,598,uy,Yes,858,260,UY,UY,URG,URU,ROU,True,5,Peso Uruguayo,Developing,Uruguay,UYU,,858,858,419,19,2,,South America,URUGUAY,,Americas,Latin America and the Caribbean,World,Montevideo,SA,.uy,es-UY,Uruguay,X3
USA,US,USA,http://www.wikidata.org/entity/Q30,http://dbpedia.org/resource/United_States,the United States of America,United States of America,6252001,USA,1,xxu,Yes,840,259,US,US,USA,USA,USA,True,,US Dollar,Developed,United States of America (the),USD,,840,840,21,19,2,,,UNITED STATES OF AMERICA,,Americas,Northern America,World,Washington,,.us,"en-US,es-US,haw,fr",US,
UZB,UZ,UZB,http://www.wikidata.org/entity/Q265,http://dbpedia.org/resource/UZB,the Republic of Uzbekistan,Uzbekistan,1512440,UZB,998,uz,Yes,860,261,UZ,UZ,UZB,UZB,UZ,True,,Uzbekistan Sum,Developing,Uzbekistan,UZS,,860,860,143,142,2,x,,UZBEKISTAN,,Asia,Central Asia,World,Tashkent,AS,.uz,"uz,ru,tg",Uzbekistan,2K
VAT,VA,,,,the Holy See,Holy See,3164670,VAT,39-06,vc,Yes,336,110,VT,,CVA,,V,True,,Euro,Developed,Holy See (the)  *,EUR,,978,336,39,150,2,,,HOLY SEE,,Europe,Southern Europe,World,Vatican City,EU,.va,"la,it,fr",Vatican City,
VCT,VC,VCT,http://www.wikidata.org/entity/Q2040634,http://dbpedia.org/resource/VCT,Saint Vincent and the Grenadines,Saint Vincent and the Grenadines,3577815,VIN,1-784,xm,Yes,670,211,VC,VG,VCT,VIN,WV,True,29,East Caribbean Dollar,Developing,Saint Vincent and the Grenadines,XCD,x,951,670,419,19,2,,Caribbean,SAINT VINCENT AND THE GRENADINES,,Americas,Latin America and the Caribbean,World,Kingstown,,.vc,"en-VC,fr",St. Vincent & Grenadines,V1
VEN,VE,VEN,http://www.wikidata.org/entity/Q717,http://dbpedia.org/resource/Ven,the Bolivarian Republic of Venezuela,Venezuela (Bolivarian Republic of),3625428,VEN,58,ve,Yes,862,263,VE,VN,VEN,VEN,YV,True,5,Bolívar,Developing,Venezuela (Bolivarian Republic of),VES,,937,862,419,19,2,,South America,VENEZUELA (BOLIVARIAN REPUBLIC OF),,Americas,Latin America and the Caribbean,World,Caracas,SA,.ve,es-VE,Venezuela,
VGB,VG,VGB,http://www.wikidata.org/entity/Q1244876,,,British Virgin Islands,3577718,VGB,1-284,vb,Territory of GB,92,39,VI,VI,VRG,IVB,BVI,True,29,US Dollar,Developing,,USD,x,840,92,419,19,2,,Caribbean,VIRGIN ISLANDS (BRITISH),,Americas,Latin America and the Caribbean,World,Road Town,,.vg,en-VG,British Virgin Islands,
VIR,VI,VIR,http://www.wikidata.org/entity/Q8842,http://dbpedia.org/resource/VIR,,United States Virgin Islands,4796775,VIR,1-340,vi,Territory of US,850,258,VQ,VI,VIR,ISV,USA,True,29,US Dollar,Developing,,USD,x,840,850,419,19,2,,Caribbean,VIRGIN ISLANDS (U.S.),,Americas,Latin America and the Caribbean,World,Charlotte Amalie,,.vi,en-VI,U.S. Virgin Islands,
VNM,VN,VNM,http://www.wikidata.org/entity/Q6310095,http://dbpedia.org/resource/Vnmr,the Socialist Republic of Viet Nam,Viet Nam,1562822,VIE,84,vm,Yes,704,264,VM,VS,VTN,VIE,VN,True,,Dong,Developing,Viet Nam,VND,,704,704,35,142,0,,,VIET NAM,,Asia,South-eastern Asia,World,Hanoi,AS,.vn,"vi,en,fr,zh,km",Vietnam,Q1
VUT,VU,VUT,http://www.wikidata.org/entity/Q686,http://dbpedia.org/resource/VUT,the Republic of Vanuatu,Vanuatu,2134431,VAN,678,nn,Yes,548,262,NH,NV,VUT,VAN,VU,True,,Vatu,Developing,Vanuatu,VUV,x,548,548,54,9,0,,,VANUATU,x,Oceania,Melanesia,World,Port Vila,OC,.vu,"bi,en-VU,fr-VU",Vanuatu,2L
WLF,WF,,,,,Wallis and Futuna Islands,4034749,WLF,681,wf,Territory of FR,876,266,WF,FW,WAL,WAF,F,True,,CFP Franc,Developing,,XPF,,953,876,61,9,0,,,WALLIS AND FUTUNA,,Oceania,Polynesia,World,Mata Utu,OC,.wf,"wls,fud,fr-WF",Wallis & Futuna,X8
WSM,WS,WSM,http://www.wikidata.org/entity/Q158720,http://dbpedia.org/resource/WSM,the Independent State of Samoa,Samoa,4034894,SAM,685,ws,Yes,882,212,WS,ZM,SMO,SAM,WS,True,,Tala,Developing,Samoa,WST,x,882,882,61,9,2,,,SAMOA,,Oceania,Polynesia,World,Apia,OC,.ws,"sm,en-WS",Samoa,Y0
YEM,YE,YEM,http://www.wikidata.org/entity/Q805,http://dbpedia.org/resource/YEM,the Republic of Yemen,Yemen,69543,YEM,967,ye,Yes,887,269,YM,YE,YEM,YEM,YAR,True,,Yemeni Rial,Developing,Yemen,YER,,886,887,145,142,2,,,YEMEN,x,Asia,Western Asia,World,Sanaa,AS,.ye,ar-YE,Yemen,T7
ZAF,ZA,ZAF,http://www.wikidata.org/entity/Q258,http://dbpedia.org/resource/ZAF,the Republic of South Africa,South Africa,953987,RSA,27,sa,Yes,710,227,SF,ZA,AFS,RSA,ZA,True,18,Rand,Developing,South Africa,ZAR,,710,710,202,2,2,,Southern Africa,SOUTH AFRICA,,Africa,Sub-Saharan Africa,World,Pretoria,AF,.za,"zu,xh,af,nso,en-ZA,tn,st,ts,ss,ve,nr",South Africa,T3
ZMB,ZM,ZMB,http://www.wikidata.org/entity/Q24976897,http://dbpedia.org/resource/ZMB,the Republic of Zambia,Zambia,895949,ZAM,260,za,Yes,894,270,ZA,ZB,ZMB,ZAM,Z,True,14,Zambian Kwacha,Developing,Zambia,ZMW,,967,894,202,2,2,x,Eastern Africa,ZAMBIA,x,Africa,Sub-Saharan Africa,World,Lusaka,AF,.zm,"en-ZM,bem,loz,lun,lue,ny,toi",Zambia,Y4
ZWE,ZW,ZWE,http://www.wikidata.org/entity/Q8075634,http://dbpedia.org/resource/Zwe_Ohn_Chein,the Republic of Zimbabwe,Zimbabwe,878675,ZIM,263,rh,Yes,716,271,ZI,ZW,ZWE,ZIM,ZW,True,14,Zimbabwe Dollar,Developing,Zimbabwe,ZWL,,932,716,202,2,2,x,Eastern Africa,ZIMBABWE,,Africa,Sub-Saharan Africa,World,Harare,AF,.zw,"en-ZW,sn,nr,nd",Zimbabwe,Y5
